date,AQI Value,CO AQI Value,Ozone AQI Value,NO2 AQI Value,PM2.5 AQI Value,lat,lng
2019-01-01,182,50,37,95,182,28.7041,77.1025
2019-01-02,428,17,40,55,155,28.7041,77.1025
2019-01-03,350,20,23,41,269,28.7041,77.1025
2019-01-04,186,95,32,146,226,28.7041,77.1025
2019-01-05,151,60,44,99,331,28.7041,77.1025
2019-01-06,268,97,19,119,182,28.7041,77.1025
2019-01-07,100,50,45,115,71,28.7041,77.1025
2019-01-08,182,26,43,37,318,28.7041,77.1025
2019-01-09,201,85,6,57,210,28.7041,77.1025
2019-01-10,294,55,67,128,156,28.7041,77.1025
2019-01-11,410,41,33,142,328,28.7041,77.1025
2019-01-12,167,88,55,123,284,28.7041,77.1025
2019-01-13,179,89,14,100,67,28.7041,77.1025
2019-01-14,439,63,18,106,291,28.7041,77.1025
2019-01-15,231,95,55,80,166,28.7041,77.1025
2019-01-16,210,101,43,65,335,28.7041,77.1025
2019-01-17,229,29,32,51,331,28.7041,77.1025
2019-01-18,388,42,7,34,193,28.7041,77.1025
2019-01-19,337,83,31,63,254,28.7041,77.1025
2019-01-20,423,49,6,73,88,28.7041,77.1025
2019-01-21,373,41,42,63,203,28.7041,77.1025
2019-01-22,271,106,7,117,225,28.7041,77.1025
2019-01-23,356,11,20,24,290,28.7041,77.1025
2019-01-24,240,106,44,128,183,28.7041,77.1025
2019-01-25,393,42,6,46,95,28.7041,77.1025
2019-01-26,101,114,45,135,99,28.7041,77.1025
2019-01-27,332,86,16,106,215,28.7041,77.1025
2019-01-28,315,39,39,123,155,28.7041,77.1025
2019-01-29,424,42,69,142,265,28.7041,77.1025
2019-01-30,128,86,59,98,195,28.7041,77.1025
2019-01-31,138,35,49,62,121,28.7041,77.1025
2019-02-01,249,31,66,116,379,28.7041,77.1025
2019-02-02,267,112,53,50,322,28.7041,77.1025
2019-02-03,350,75,29,118,296,28.7041,77.1025
2019-02-04,269,47,27,36,235,28.7041,77.1025
2019-02-05,254,112,28,102,119,28.7041,77.1025
2019-02-06,130,99,42,129,199,28.7041,77.1025
2019-02-07,443,55,32,51,295,28.7041,77.1025
2019-02-08,134,24,25,54,311,28.7041,77.1025
2019-02-09,323,107,58,48,75,28.7041,77.1025
2019-02-10,399,115,22,89,189,28.7041,77.1025
2019-02-11,210,53,40,114,148,28.7041,77.1025
2019-02-12,386,58,49,41,327,28.7041,77.1025
2019-02-13,214,113,57,88,100,28.7041,77.1025
2019-02-14,100,84,34,108,200,28.7041,77.1025
2019-02-15,408,70,64,91,153,28.7041,77.1025
2019-02-16,246,76,36,148,138,28.7041,77.1025
2019-02-17,353,15,32,106,190,28.7041,77.1025
2019-02-18,168,18,48,115,262,28.7041,77.1025
2019-02-19,395,15,45,94,282,28.7041,77.1025
2019-02-20,93,82,67,73,232,28.7041,77.1025
2019-02-21,321,112,27,107,300,28.7041,77.1025
2019-02-22,344,104,52,73,58,28.7041,77.1025
2019-02-23,425,41,36,35,128,28.7041,77.1025
2019-02-24,132,50,61,118,101,28.7041,77.1025
2019-02-25,419,85,37,39,318,28.7041,77.1025
2019-02-26,171,17,28,65,275,28.7041,77.1025
2019-02-27,446,81,43,146,100,28.7041,77.1025
2019-02-28,343,59,38,77,235,28.7041,77.1025
2019-03-01,114,101,60,130,83,28.7041,77.1025
2019-03-02,285,71,32,148,340,28.7041,77.1025
2019-03-03,160,93,41,100,279,28.7041,77.1025
2019-03-04,129,71,11,103,180,28.7041,77.1025
2019-03-05,439,16,41,89,169,28.7041,77.1025
2019-03-06,81,84,60,27,375,28.7041,77.1025
2019-03-07,133,93,69,48,296,28.7041,77.1025
2019-03-08,185,89,69,131,241,28.7041,77.1025
2019-03-09,339,13,51,127,372,28.7041,77.1025
2019-03-10,389,15,24,128,259,28.7041,77.1025
2019-03-11,270,67,23,39,152,28.7041,77.1025
2019-03-12,297,31,33,92,378,28.7041,77.1025
2019-03-13,123,35,64,23,182,28.7041,77.1025
2019-03-14,241,12,22,38,372,28.7041,77.1025
2019-03-15,281,50,39,121,188,28.7041,77.1025
2019-03-16,349,69,47,105,170,28.7041,77.1025
2019-03-17,430,115,15,71,143,28.7041,77.1025
2019-03-18,383,23,53,130,178,28.7041,77.1025
2019-03-19,350,84,42,128,140,28.7041,77.1025
2019-03-20,294,91,68,105,141,28.7041,77.1025
2019-03-21,331,21,12,62,112,28.7041,77.1025
2019-03-22,269,96,38,61,78,28.7041,77.1025
2019-03-23,375,21,52,109,259,28.7041,77.1025
2019-03-24,292,22,60,134,61,28.7041,77.1025
2019-03-25,287,34,69,45,382,28.7041,77.1025
2019-03-26,316,54,35,62,346,28.7041,77.1025
2019-03-27,417,28,8,96,179,28.7041,77.1025
2019-03-28,446,64,54,39,342,28.7041,77.1025
2019-03-29,132,119,34,58,222,28.7041,77.1025
2019-03-30,359,109,63,31,257,28.7041,77.1025
2019-03-31,296,54,49,30,73,28.7041,77.1025
2019-04-01,331,17,8,61,148,28.7041,77.1025
2019-04-02,267,102,30,30,188,28.7041,77.1025
2019-04-03,120,62,31,57,363,28.7041,77.1025
2019-04-04,236,64,50,117,223,28.7041,77.1025
2019-04-05,94,41,68,38,78,28.7041,77.1025
2019-04-06,380,60,55,135,192,28.7041,77.1025
2019-04-07,144,53,54,132,365,28.7041,77.1025
2019-04-08,424,91,10,84,91,28.7041,77.1025
2019-04-09,406,79,63,118,348,28.7041,77.1025
2019-04-10,88,27,19,91,257,28.7041,77.1025
2019-04-11,423,92,34,71,379,28.7041,77.1025
2019-04-12,208,31,46,137,241,28.7041,77.1025
2019-04-13,215,46,41,139,209,28.7041,77.1025
2019-04-14,142,105,46,26,113,28.7041,77.1025
2019-04-15,218,65,39,30,292,28.7041,77.1025
2019-04-16,160,114,10,122,307,28.7041,77.1025
2019-04-17,242,68,22,80,201,28.7041,77.1025
2019-04-18,368,12,33,87,264,28.7041,77.1025
2019-04-19,340,37,63,121,371,28.7041,77.1025
2019-04-20,310,83,51,129,215,28.7041,77.1025
2019-04-21,120,44,21,70,80,28.7041,77.1025
2019-04-22,107,70,26,136,281,28.7041,77.1025
2019-04-23,214,102,41,65,331,28.7041,77.1025
2019-04-24,280,63,53,72,78,28.7041,77.1025
2019-04-25,407,72,17,107,244,28.7041,77.1025
2019-04-26,347,88,38,140,383,28.7041,77.1025
2019-04-27,112,106,57,32,305,28.7041,77.1025
2019-04-28,127,16,55,108,330,28.7041,77.1025
2019-04-29,141,85,7,144,353,28.7041,77.1025
2019-04-30,295,58,46,137,370,28.7041,77.1025
2019-05-01,372,103,36,73,372,28.7041,77.1025
2019-05-02,178,94,55,135,395,28.7041,77.1025
2019-05-03,251,40,50,137,343,28.7041,77.1025
2019-05-04,439,67,25,23,136,28.7041,77.1025
2019-05-05,293,70,48,94,198,28.7041,77.1025
2019-05-06,114,33,15,68,298,28.7041,77.1025
2019-05-07,306,29,5,26,370,28.7041,77.1025
2019-05-08,180,46,67,129,332,28.7041,77.1025
2019-05-09,210,13,28,141,247,28.7041,77.1025
2019-05-10,336,101,17,30,93,28.7041,77.1025
2019-05-11,84,117,15,111,77,28.7041,77.1025
2019-05-12,297,29,55,42,66,28.7041,77.1025
2019-05-13,334,69,21,47,176,28.7041,77.1025
2019-05-14,438,33,28,130,217,28.7041,77.1025
2019-05-15,362,59,23,76,293,28.7041,77.1025
2019-05-16,286,58,41,45,125,28.7041,77.1025
2019-05-17,94,60,12,73,280,28.7041,77.1025
2019-05-18,425,105,32,48,253,28.7041,77.1025
2019-05-19,121,114,9,116,297,28.7041,77.1025
2019-05-20,258,45,21,33,351,28.7041,77.1025
2019-05-21,142,107,40,97,263,28.7041,77.1025
2019-05-22,431,109,23,54,264,28.7041,77.1025
2019-05-23,310,75,68,49,207,28.7041,77.1025
2019-05-24,320,88,15,111,118,28.7041,77.1025
2019-05-25,131,43,58,36,134,28.7041,77.1025
2019-05-26,175,45,49,112,316,28.7041,77.1025
2019-05-27,301,15,51,98,118,28.7041,77.1025
2019-05-28,310,48,16,129,148,28.7041,77.1025
2019-05-29,316,51,25,121,396,28.7041,77.1025
2019-05-30,222,67,15,125,265,28.7041,77.1025
2019-05-31,250,21,9,66,210,28.7041,77.1025
2019-06-01,108,12,60,83,143,28.7041,77.1025
2019-06-02,115,118,24,83,223,28.7041,77.1025
2019-06-03,92,27,45,106,214,28.7041,77.1025
2019-06-04,239,49,50,26,164,28.7041,77.1025
2019-06-05,406,30,16,41,269,28.7041,77.1025
2019-06-06,266,24,21,100,80,28.7041,77.1025
2019-06-07,322,106,23,93,60,28.7041,77.1025
2019-06-08,165,108,30,144,392,28.7041,77.1025
2019-06-09,363,35,52,69,179,28.7041,77.1025
2019-06-10,145,17,56,71,154,28.7041,77.1025
2019-06-11,249,109,59,20,76,28.7041,77.1025
2019-06-12,124,103,37,23,276,28.7041,77.1025
2019-06-13,141,96,66,23,51,28.7041,77.1025
2019-06-14,213,51,27,20,150,28.7041,77.1025
2019-06-15,363,53,19,90,70,28.7041,77.1025
2019-06-16,107,23,31,54,107,28.7041,77.1025
2019-06-17,187,87,68,27,229,28.7041,77.1025
2019-06-18,123,11,55,55,390,28.7041,77.1025
2019-06-19,419,46,57,142,398,28.7041,77.1025
2019-06-20,365,78,55,62,69,28.7041,77.1025
2019-06-21,410,47,51,46,304,28.7041,77.1025
2019-06-22,207,118,8,51,366,28.7041,77.1025
2019-06-23,427,50,11,97,87,28.7041,77.1025
2019-06-24,310,71,39,140,197,28.7041,77.1025
2019-06-25,269,69,52,35,74,28.7041,77.1025
2019-06-26,304,23,49,118,170,28.7041,77.1025
2019-06-27,362,112,23,66,75,28.7041,77.1025
2019-06-28,200,98,67,50,218,28.7041,77.1025
2019-06-29,195,93,42,23,372,28.7041,77.1025
2019-06-30,312,11,63,36,274,28.7041,77.1025
2019-07-01,338,112,17,58,50,28.7041,77.1025
2019-07-02,438,79,51,67,356,28.7041,77.1025
2019-07-03,277,26,65,58,310,28.7041,77.1025
2019-07-04,216,98,35,49,62,28.7041,77.1025
2019-07-05,397,37,26,41,97,28.7041,77.1025
2019-07-06,244,75,47,85,362,28.7041,77.1025
2019-07-07,304,44,58,127,340,28.7041,77.1025
2019-07-08,386,110,14,31,381,28.7041,77.1025
2019-07-09,313,14,46,55,143,28.7041,77.1025
2019-07-10,251,74,68,37,310,28.7041,77.1025
2019-07-11,231,49,25,109,327,28.7041,77.1025
2019-07-12,394,85,45,20,254,28.7041,77.1025
2019-07-13,239,65,28,146,234,28.7041,77.1025
2019-07-14,175,45,39,109,224,28.7041,77.1025
2019-07-15,312,54,60,106,358,28.7041,77.1025
2019-07-16,259,32,34,109,118,28.7041,77.1025
2019-07-17,192,56,61,89,153,28.7041,77.1025
2019-07-18,397,40,51,63,295,28.7041,77.1025
2019-07-19,131,20,39,105,210,28.7041,77.1025
2019-07-20,347,19,23,38,249,28.7041,77.1025
2019-07-21,374,76,12,120,265,28.7041,77.1025
2019-07-22,192,23,30,114,261,28.7041,77.1025
2019-07-23,180,89,34,120,65,28.7041,77.1025
2019-07-24,192,83,11,49,381,28.7041,77.1025
2019-07-25,160,102,69,52,254,28.7041,77.1025
2019-07-26,266,19,40,31,88,28.7041,77.1025
2019-07-27,192,85,29,137,138,28.7041,77.1025
2019-07-28,81,103,41,113,305,28.7041,77.1025
2019-07-29,209,114,5,95,303,28.7041,77.1025
2019-07-30,299,10,19,48,265,28.7041,77.1025
2019-07-31,133,14,41,136,352,28.7041,77.1025
2019-08-01,422,29,17,34,221,28.7041,77.1025
2019-08-02,303,17,12,21,186,28.7041,77.1025
2019-08-03,304,52,9,136,227,28.7041,77.1025
2019-08-04,205,85,64,37,126,28.7041,77.1025
2019-08-05,209,10,5,22,237,28.7041,77.1025
2019-08-06,132,66,40,127,64,28.7041,77.1025
2019-08-07,251,73,39,114,341,28.7041,77.1025
2019-08-08,297,93,67,141,368,28.7041,77.1025
2019-08-09,239,37,27,30,374,28.7041,77.1025
2019-08-10,277,116,13,87,263,28.7041,77.1025
2019-08-11,326,46,38,142,257,28.7041,77.1025
2019-08-12,403,56,50,132,218,28.7041,77.1025
2019-08-13,282,110,8,117,379,28.7041,77.1025
2019-08-14,263,85,34,112,329,28.7041,77.1025
2019-08-15,202,46,7,41,354,28.7041,77.1025
2019-08-16,334,58,18,146,195,28.7041,77.1025
2019-08-17,373,53,64,44,312,28.7041,77.1025
2019-08-18,359,65,49,104,53,28.7041,77.1025
2019-08-19,404,37,38,74,139,28.7041,77.1025
2019-08-20,177,88,49,114,109,28.7041,77.1025
2019-08-21,277,15,65,138,360,28.7041,77.1025
2019-08-22,319,117,20,28,65,28.7041,77.1025
2019-08-23,223,70,44,61,276,28.7041,77.1025
2019-08-24,176,29,21,72,78,28.7041,77.1025
2019-08-25,280,87,38,93,200,28.7041,77.1025
2019-08-26,203,11,20,58,294,28.7041,77.1025
2019-08-27,266,82,64,141,319,28.7041,77.1025
2019-08-28,405,46,17,34,128,28.7041,77.1025
2019-08-29,428,29,60,142,338,28.7041,77.1025
2019-08-30,338,35,35,130,202,28.7041,77.1025
2019-08-31,227,38,38,102,326,28.7041,77.1025
2019-09-01,331,10,43,29,328,28.7041,77.1025
2019-09-02,425,44,12,111,106,28.7041,77.1025
2019-09-03,226,79,59,48,235,28.7041,77.1025
2019-09-04,227,110,31,54,142,28.7041,77.1025
2019-09-05,431,68,57,25,325,28.7041,77.1025
2019-09-06,278,78,43,130,207,28.7041,77.1025
2019-09-07,387,42,69,57,324,28.7041,77.1025
2019-09-08,207,60,21,96,230,28.7041,77.1025
2019-09-09,118,87,34,112,126,28.7041,77.1025
2019-09-10,417,21,57,86,200,28.7041,77.1025
2019-09-11,439,115,17,27,287,28.7041,77.1025
2019-09-12,208,29,25,141,338,28.7041,77.1025
2019-09-13,346,62,23,103,280,28.7041,77.1025
2019-09-14,230,97,57,104,67,28.7041,77.1025
2019-09-15,377,52,23,64,122,28.7041,77.1025
2019-09-16,178,107,61,106,238,28.7041,77.1025
2019-09-17,342,98,29,35,66,28.7041,77.1025
2019-09-18,331,59,35,96,68,28.7041,77.1025
2019-09-19,223,38,59,28,268,28.7041,77.1025
2019-09-20,425,66,27,79,375,28.7041,77.1025
2019-09-21,191,48,36,97,169,28.7041,77.1025
2019-09-22,139,104,66,96,150,28.7041,77.1025
2019-09-23,448,65,14,90,83,28.7041,77.1025
2019-09-24,81,52,58,34,133,28.7041,77.1025
2019-09-25,383,59,56,90,245,28.7041,77.1025
2019-09-26,333,32,24,121,379,28.7041,77.1025
2019-09-27,219,53,36,41,251,28.7041,77.1025
2019-09-28,116,47,18,132,393,28.7041,77.1025
2019-09-29,239,93,54,20,390,28.7041,77.1025
2019-09-30,88,32,32,29,60,28.7041,77.1025
2019-10-01,312,54,57,129,396,28.7041,77.1025
2019-10-02,178,61,28,132,267,28.7041,77.1025
2019-10-03,226,89,26,69,302,28.7041,77.1025
2019-10-04,383,59,34,31,271,28.7041,77.1025
2019-10-05,287,115,67,108,129,28.7041,77.1025
2019-10-06,210,17,8,131,56,28.7041,77.1025
2019-10-07,231,94,63,97,321,28.7041,77.1025
2019-10-08,133,10,12,140,276,28.7041,77.1025
2019-10-09,199,17,16,42,65,28.7041,77.1025
2019-10-10,240,38,35,44,61,28.7041,77.1025
2019-10-11,195,105,38,37,340,28.7041,77.1025
2019-10-12,154,111,53,62,290,28.7041,77.1025
2019-10-13,192,14,61,97,70,28.7041,77.1025
2019-10-14,183,95,30,47,227,28.7041,77.1025
2019-10-15,419,56,22,78,277,28.7041,77.1025
2019-10-16,333,43,42,82,322,28.7041,77.1025
2019-10-17,306,74,54,111,337,28.7041,77.1025
2019-10-18,191,64,12,75,346,28.7041,77.1025
2019-10-19,178,99,45,130,183,28.7041,77.1025
2019-10-20,232,52,10,87,332,28.7041,77.1025
2019-10-21,428,83,48,65,202,28.7041,77.1025
2019-10-22,445,39,68,86,115,28.7041,77.1025
2019-10-23,417,91,33,25,186,28.7041,77.1025
2019-10-24,273,26,32,43,141,28.7041,77.1025
2019-10-25,389,35,15,113,366,28.7041,77.1025
2019-10-26,242,17,69,32,308,28.7041,77.1025
2019-10-27,287,56,23,44,152,28.7041,77.1025
2019-10-28,248,113,13,137,104,28.7041,77.1025
2019-10-29,240,85,31,101,306,28.7041,77.1025
2019-10-30,147,100,38,130,150,28.7041,77.1025
2019-10-31,368,81,48,101,247,28.7041,77.1025
2019-11-01,356,98,19,85,350,28.7041,77.1025
2019-11-02,383,55,55,64,275,28.7041,77.1025
2019-11-03,214,77,17,133,286,28.7041,77.1025
2019-11-04,274,42,53,82,75,28.7041,77.1025
2019-11-05,207,10,60,95,170,28.7041,77.1025
2019-11-06,112,28,55,133,231,28.7041,77.1025
2019-11-07,255,40,41,130,248,28.7041,77.1025
2019-11-08,101,89,21,54,351,28.7041,77.1025
2019-11-09,317,23,62,72,304,28.7041,77.1025
2019-11-10,237,62,33,45,171,28.7041,77.1025
2019-11-11,117,57,37,33,80,28.7041,77.1025
2019-11-12,309,78,64,137,364,28.7041,77.1025
2019-11-13,444,114,59,64,334,28.7041,77.1025
2019-11-14,130,99,14,70,155,28.7041,77.1025
2019-11-15,343,71,51,138,273,28.7041,77.1025
2019-11-16,362,101,27,38,322,28.7041,77.1025
2019-11-17,106,75,25,101,281,28.7041,77.1025
2019-11-18,305,73,17,95,305,28.7041,77.1025
2019-11-19,356,79,37,111,73,28.7041,77.1025
2019-11-20,365,72,28,52,158,28.7041,77.1025
2019-11-21,176,82,15,47,240,28.7041,77.1025
2019-11-22,363,42,21,142,396,28.7041,77.1025
2019-11-23,446,50,51,145,74,28.7041,77.1025
2019-11-24,396,98,29,56,236,28.7041,77.1025
2019-11-25,383,57,25,118,337,28.7041,77.1025
2019-11-26,226,22,16,117,165,28.7041,77.1025
2019-11-27,83,82,41,146,387,28.7041,77.1025
2019-11-28,114,86,46,99,86,28.7041,77.1025
2019-11-29,271,40,21,57,331,28.7041,77.1025
2019-11-30,128,114,52,96,186,28.7041,77.1025
2019-12-01,96,84,32,145,276,28.7041,77.1025
2019-12-02,251,77,45,106,369,28.7041,77.1025
2019-12-03,299,107,51,73,377,28.7041,77.1025
2019-12-04,237,111,22,35,231,28.7041,77.1025
2019-12-05,125,119,17,47,135,28.7041,77.1025
2019-12-06,85,13,17,65,102,28.7041,77.1025
2019-12-07,178,111,35,91,397,28.7041,77.1025
2019-12-08,312,28,6,104,284,28.7041,77.1025
2019-12-09,116,79,20,45,316,28.7041,77.1025
2019-12-10,359,107,13,104,336,28.7041,77.1025
2019-12-11,428,91,42,84,149,28.7041,77.1025
2019-12-12,381,22,58,134,136,28.7041,77.1025
2019-12-13,260,114,60,83,64,28.7041,77.1025
2019-12-14,174,32,49,106,150,28.7041,77.1025
2019-12-15,178,92,38,126,214,28.7041,77.1025
2019-12-16,267,118,13,115,78,28.7041,77.1025
2019-12-17,195,84,12,96,163,28.7041,77.1025
2019-12-18,270,10,11,106,156,28.7041,77.1025
2019-12-19,332,97,40,76,179,28.7041,77.1025
2019-12-20,240,63,22,122,133,28.7041,77.1025
2019-12-21,335,80,7,110,320,28.7041,77.1025
2019-12-22,402,98,32,64,293,28.7041,77.1025
2019-12-23,207,94,48,107,263,28.7041,77.1025
2019-12-24,97,24,25,134,355,28.7041,77.1025
2019-12-25,360,74,32,66,215,28.7041,77.1025
2019-12-26,302,85,58,69,328,28.7041,77.1025
2019-12-27,133,80,58,103,108,28.7041,77.1025
2019-12-28,137,24,69,110,139,28.7041,77.1025
2019-12-29,402,30,25,110,380,28.7041,77.1025
2019-12-30,439,28,17,128,243,28.7041,77.1025
2019-12-31,253,69,61,76,172,28.7041,77.1025
2020-01-01,359,102,53,50,185,28.7041,77.1025
2020-01-02,193,98,58,40,188,28.7041,77.1025
2020-01-03,367,42,14,109,278,28.7041,77.1025
2020-01-04,421,58,57,59,323,28.7041,77.1025
2020-01-05,230,105,48,131,99,28.7041,77.1025
2020-01-06,206,44,51,64,167,28.7041,77.1025
2020-01-07,234,53,57,96,251,28.7041,77.1025
2020-01-08,352,111,50,106,240,28.7041,77.1025
2020-01-09,183,99,17,120,372,28.7041,77.1025
2020-01-10,378,20,41,136,230,28.7041,77.1025
2020-01-11,325,108,28,111,127,28.7041,77.1025
2020-01-12,255,81,6,47,124,28.7041,77.1025
2020-01-13,118,119,18,44,344,28.7041,77.1025
2020-01-14,249,87,14,77,330,28.7041,77.1025
2020-01-15,326,83,39,60,70,28.7041,77.1025
2020-01-16,105,75,29,94,220,28.7041,77.1025
2020-01-17,434,55,7,57,64,28.7041,77.1025
2020-01-18,385,18,21,94,260,28.7041,77.1025
2020-01-19,92,12,16,85,97,28.7041,77.1025
2020-01-20,395,94,58,22,135,28.7041,77.1025
2020-01-21,392,35,28,136,198,28.7041,77.1025
2020-01-22,115,81,33,118,237,28.7041,77.1025
2020-01-23,252,57,47,38,355,28.7041,77.1025
2020-01-24,99,75,29,135,200,28.7041,77.1025
2020-01-25,400,79,64,144,190,28.7041,77.1025
2020-01-26,343,37,69,107,118,28.7041,77.1025
2020-01-27,221,102,32,54,309,28.7041,77.1025
2020-01-28,222,35,20,20,383,28.7041,77.1025
2020-01-29,171,34,51,145,58,28.7041,77.1025
2020-01-30,433,21,62,108,170,28.7041,77.1025
2020-01-31,401,14,31,44,150,28.7041,77.1025
2020-02-01,367,107,57,35,198,28.7041,77.1025
2020-02-02,294,57,46,92,195,28.7041,77.1025
2020-02-03,421,46,63,148,292,28.7041,77.1025
2020-02-04,130,88,51,61,290,28.7041,77.1025
2020-02-05,232,53,38,99,386,28.7041,77.1025
2020-02-06,265,109,41,123,92,28.7041,77.1025
2020-02-07,142,24,10,53,144,28.7041,77.1025
2020-02-08,269,52,11,108,275,28.7041,77.1025
2020-02-09,204,57,29,144,55,28.7041,77.1025
2020-02-10,229,96,37,64,263,28.7041,77.1025
2020-02-11,393,79,59,40,255,28.7041,77.1025
2020-02-12,137,55,62,141,116,28.7041,77.1025
2020-02-13,421,117,11,89,149,28.7041,77.1025
2020-02-14,384,52,61,115,61,28.7041,77.1025
2020-02-15,259,118,16,124,286,28.7041,77.1025
2020-02-16,249,30,20,67,371,28.7041,77.1025
2020-02-17,405,32,47,58,307,28.7041,77.1025
2020-02-18,350,116,11,50,386,28.7041,77.1025
2020-02-19,133,89,55,29,184,28.7041,77.1025
2020-02-20,180,56,36,49,271,28.7041,77.1025
2020-02-21,343,24,12,37,205,28.7041,77.1025
2020-02-22,132,34,49,107,191,28.7041,77.1025
2020-02-23,139,45,63,144,207,28.7041,77.1025
2020-02-24,187,84,8,92,375,28.7041,77.1025
2020-02-25,84,60,33,34,393,28.7041,77.1025
2020-02-26,182,24,33,23,311,28.7041,77.1025
2020-02-27,275,77,32,28,332,28.7041,77.1025
2020-02-28,341,30,48,128,387,28.7041,77.1025
2020-02-29,444,22,8,35,393,28.7041,77.1025
2020-03-01,429,95,13,118,278,28.7041,77.1025
2020-03-02,126,28,9,140,329,28.7041,77.1025
2020-03-03,434,43,60,71,339,28.7041,77.1025
2020-03-04,390,87,54,88,217,28.7041,77.1025
2020-03-05,387,77,19,24,96,28.7041,77.1025
2020-03-06,223,61,36,39,252,28.7041,77.1025
2020-03-07,348,119,32,98,263,28.7041,77.1025
2020-03-08,449,36,26,130,295,28.7041,77.1025
2020-03-09,203,38,21,21,73,28.7041,77.1025
2020-03-10,185,37,63,112,370,28.7041,77.1025
2020-03-11,237,44,61,32,323,28.7041,77.1025
2020-03-12,226,17,30,23,93,28.7041,77.1025
2020-03-13,224,25,29,128,381,28.7041,77.1025
2020-03-14,199,115,14,93,362,28.7041,77.1025
2020-03-15,398,45,49,114,205,28.7041,77.1025
2020-03-16,354,39,15,124,248,28.7041,77.1025
2020-03-17,171,27,57,27,211,28.7041,77.1025
2020-03-18,137,11,32,86,283,28.7041,77.1025
2020-03-19,425,58,69,129,212,28.7041,77.1025
2020-03-20,308,86,53,28,165,28.7041,77.1025
2020-03-21,196,13,51,136,142,28.7041,77.1025
2020-03-22,397,99,56,30,91,28.7041,77.1025
2020-03-23,358,98,58,118,333,28.7041,77.1025
2020-03-24,206,103,64,61,259,28.7041,77.1025
2020-03-25,208,84,61,139,255,28.7041,77.1025
2020-03-26,137,16,51,31,269,28.7041,77.1025
2020-03-27,201,104,35,56,329,28.7041,77.1025
2020-03-28,80,117,50,93,185,28.7041,77.1025
2020-03-29,318,83,30,92,155,28.7041,77.1025
2020-03-30,369,48,9,71,167,28.7041,77.1025
2020-03-31,175,22,56,149,286,28.7041,77.1025
2020-04-01,205,40,58,75,358,28.7041,77.1025
2020-04-02,197,80,37,79,149,28.7041,77.1025
2020-04-03,127,72,54,42,310,28.7041,77.1025
2020-04-04,168,65,42,122,354,28.7041,77.1025
2020-04-05,316,51,31,59,335,28.7041,77.1025
2020-04-06,351,70,19,83,377,28.7041,77.1025
2020-04-07,268,51,65,104,152,28.7041,77.1025
2020-04-08,271,65,25,108,112,28.7041,77.1025
2020-04-09,148,45,50,50,224,28.7041,77.1025
2020-04-10,357,93,10,39,331,28.7041,77.1025
2020-04-11,428,77,42,149,342,28.7041,77.1025
2020-04-12,326,16,66,32,275,28.7041,77.1025
2020-04-13,155,63,66,141,56,28.7041,77.1025
2020-04-14,233,10,50,122,176,28.7041,77.1025
2020-04-15,223,53,17,125,141,28.7041,77.1025
2020-04-16,165,54,7,138,239,28.7041,77.1025
2020-04-17,264,115,10,89,102,28.7041,77.1025
2020-04-18,364,56,12,118,291,28.7041,77.1025
2020-04-19,299,22,48,101,181,28.7041,77.1025
2020-04-20,148,31,37,94,161,28.7041,77.1025
2020-04-21,126,30,54,137,56,28.7041,77.1025
2020-04-22,173,95,15,103,279,28.7041,77.1025
2020-04-23,317,101,32,88,205,28.7041,77.1025
2020-04-24,283,18,45,78,246,28.7041,77.1025
2020-04-25,297,35,20,145,372,28.7041,77.1025
2020-04-26,420,18,52,130,272,28.7041,77.1025
2020-04-27,118,24,60,81,299,28.7041,77.1025
2020-04-28,179,19,68,147,132,28.7041,77.1025
2020-04-29,368,97,63,124,289,28.7041,77.1025
2020-04-30,333,51,66,87,372,28.7041,77.1025
2020-05-01,301,81,15,34,312,28.7041,77.1025
2020-05-02,436,33,22,54,238,28.7041,77.1025
2020-05-03,102,89,23,33,339,28.7041,77.1025
2020-05-04,329,58,59,121,107,28.7041,77.1025
2020-05-05,89,35,30,119,58,28.7041,77.1025
2020-05-06,325,100,10,26,353,28.7041,77.1025
2020-05-07,404,46,8,49,164,28.7041,77.1025
2020-05-08,179,77,33,68,259,28.7041,77.1025
2020-05-09,369,59,63,130,90,28.7041,77.1025
2020-05-10,259,33,21,91,353,28.7041,77.1025
2020-05-11,302,28,47,99,222,28.7041,77.1025
2020-05-12,329,109,38,102,283,28.7041,77.1025
2020-05-13,226,69,12,61,330,28.7041,77.1025
2020-05-14,175,48,17,36,127,28.7041,77.1025
2020-05-15,336,83,12,26,157,28.7041,77.1025
2020-05-16,404,98,69,29,330,28.7041,77.1025
2020-05-17,83,27,47,53,88,28.7041,77.1025
2020-05-18,95,28,43,55,168,28.7041,77.1025
2020-05-19,359,45,63,25,384,28.7041,77.1025
2020-05-20,415,83,48,48,385,28.7041,77.1025
2020-05-21,326,106,13,145,76,28.7041,77.1025
2020-05-22,337,64,41,100,153,28.7041,77.1025
2020-05-23,239,78,40,94,123,28.7041,77.1025
2020-05-24,419,56,32,45,240,28.7041,77.1025
2020-05-25,231,58,46,146,373,28.7041,77.1025
2020-05-26,257,108,47,134,196,28.7041,77.1025
2020-05-27,242,117,46,145,304,28.7041,77.1025
2020-05-28,112,107,59,47,333,28.7041,77.1025
2020-05-29,258,42,52,94,262,28.7041,77.1025
2020-05-30,180,30,26,97,172,28.7041,77.1025
2020-05-31,347,90,31,109,255,28.7041,77.1025
2020-06-01,402,31,17,40,289,28.7041,77.1025
2020-06-02,144,57,49,73,388,28.7041,77.1025
2020-06-03,247,46,14,122,335,28.7041,77.1025
2020-06-04,409,24,13,78,71,28.7041,77.1025
2020-06-05,122,44,58,91,308,28.7041,77.1025
2020-06-06,123,101,31,39,154,28.7041,77.1025
2020-06-07,364,80,38,131,307,28.7041,77.1025
2020-06-08,91,41,5,78,253,28.7041,77.1025
2020-06-09,174,20,36,90,359,28.7041,77.1025
2020-06-10,381,19,24,128,311,28.7041,77.1025
2020-06-11,332,82,39,148,156,28.7041,77.1025
2020-06-12,321,87,21,75,300,28.7041,77.1025
2020-06-13,114,86,22,54,270,28.7041,77.1025
2020-06-14,294,66,49,142,271,28.7041,77.1025
2020-06-15,416,34,57,123,307,28.7041,77.1025
2020-06-16,169,11,69,26,250,28.7041,77.1025
2020-06-17,343,73,5,46,307,28.7041,77.1025
2020-06-18,172,44,62,20,398,28.7041,77.1025
2020-06-19,169,16,30,106,274,28.7041,77.1025
2020-06-20,194,94,24,60,251,28.7041,77.1025
2020-06-21,184,27,14,142,275,28.7041,77.1025
2020-06-22,275,76,63,94,285,28.7041,77.1025
2020-06-23,393,51,45,61,232,28.7041,77.1025
2020-06-24,193,48,9,136,249,28.7041,77.1025
2020-06-25,154,50,69,82,295,28.7041,77.1025
2020-06-26,296,84,21,146,160,28.7041,77.1025
2020-06-27,356,112,26,67,55,28.7041,77.1025
2020-06-28,328,33,45,22,285,28.7041,77.1025
2020-06-29,243,69,15,135,176,28.7041,77.1025
2020-06-30,436,55,60,118,153,28.7041,77.1025
2020-07-01,271,28,55,135,286,28.7041,77.1025
2020-07-02,306,77,25,33,204,28.7041,77.1025
2020-07-03,256,99,30,131,306,28.7041,77.1025
2020-07-04,178,111,23,80,284,28.7041,77.1025
2020-07-05,115,51,64,114,338,28.7041,77.1025
2020-07-06,175,41,51,36,89,28.7041,77.1025
2020-07-07,231,48,30,143,337,28.7041,77.1025
2020-07-08,230,118,44,43,246,28.7041,77.1025
2020-07-09,269,119,9,135,322,28.7041,77.1025
2020-07-10,303,45,25,101,313,28.7041,77.1025
2020-07-11,116,113,8,69,106,28.7041,77.1025
2020-07-12,347,110,27,98,347,28.7041,77.1025
2020-07-13,448,106,19,98,147,28.7041,77.1025
2020-07-14,262,45,12,89,186,28.7041,77.1025
2020-07-15,92,12,45,46,136,28.7041,77.1025
2020-07-16,358,82,23,34,291,28.7041,77.1025
2020-07-17,296,17,50,69,248,28.7041,77.1025
2020-07-18,434,106,32,55,359,28.7041,77.1025
2020-07-19,440,79,19,27,133,28.7041,77.1025
2020-07-20,365,50,41,98,291,28.7041,77.1025
2020-07-21,352,112,5,66,330,28.7041,77.1025
2020-07-22,448,77,28,124,372,28.7041,77.1025
2020-07-23,141,22,31,117,301,28.7041,77.1025
2020-07-24,163,58,44,115,239,28.7041,77.1025
2020-07-25,447,69,67,135,201,28.7041,77.1025
2020-07-26,296,11,65,32,351,28.7041,77.1025
2020-07-27,421,69,40,20,327,28.7041,77.1025
2020-07-28,266,14,28,53,188,28.7041,77.1025
2020-07-29,98,53,28,98,225,28.7041,77.1025
2020-07-30,256,36,8,97,57,28.7041,77.1025
2020-07-31,179,41,38,140,344,28.7041,77.1025
2020-08-01,312,30,61,112,284,28.7041,77.1025
2020-08-02,155,17,53,117,212,28.7041,77.1025
2020-08-03,344,111,57,101,98,28.7041,77.1025
2020-08-04,363,81,27,57,351,28.7041,77.1025
2020-08-05,285,59,57,33,87,28.7041,77.1025
2020-08-06,302,76,66,110,185,28.7041,77.1025
2020-08-07,131,53,45,73,359,28.7041,77.1025
2020-08-08,418,67,61,149,268,28.7041,77.1025
2020-08-09,446,12,64,120,397,28.7041,77.1025
2020-08-10,223,95,58,108,345,28.7041,77.1025
2020-08-11,148,79,61,75,83,28.7041,77.1025
2020-08-12,178,11,14,113,128,28.7041,77.1025
2020-08-13,104,96,44,112,285,28.7041,77.1025
2020-08-14,132,53,11,103,322,28.7041,77.1025
2020-08-15,230,11,42,104,210,28.7041,77.1025
2020-08-16,223,111,65,41,224,28.7041,77.1025
2020-08-17,136,90,7,54,357,28.7041,77.1025
2020-08-18,118,44,55,35,270,28.7041,77.1025
2020-08-19,188,107,51,69,58,28.7041,77.1025
2020-08-20,260,96,42,141,338,28.7041,77.1025
2020-08-21,121,39,40,147,162,28.7041,77.1025
2020-08-22,265,17,45,132,254,28.7041,77.1025
2020-08-23,302,31,17,36,235,28.7041,77.1025
2020-08-24,201,53,62,99,390,28.7041,77.1025
2020-08-25,212,67,54,149,246,28.7041,77.1025
2020-08-26,242,45,34,104,315,28.7041,77.1025
2020-08-27,294,78,66,113,311,28.7041,77.1025
2020-08-28,300,86,29,100,297,28.7041,77.1025
2020-08-29,314,102,31,88,164,28.7041,77.1025
2020-08-30,410,40,55,88,170,28.7041,77.1025
2020-08-31,225,56,61,35,190,28.7041,77.1025
2020-09-01,318,64,51,70,114,28.7041,77.1025
2020-09-02,155,89,43,124,325,28.7041,77.1025
2020-09-03,88,115,20,85,362,28.7041,77.1025
2020-09-04,153,71,26,28,288,28.7041,77.1025
2020-09-05,332,39,58,126,351,28.7041,77.1025
2020-09-06,309,64,25,119,59,28.7041,77.1025
2020-09-07,86,25,20,105,282,28.7041,77.1025
2020-09-08,253,21,63,83,244,28.7041,77.1025
2020-09-09,220,26,35,41,61,28.7041,77.1025
2020-09-10,247,25,46,129,226,28.7041,77.1025
2020-09-11,249,21,36,116,226,28.7041,77.1025
2020-09-12,362,17,63,37,266,28.7041,77.1025
2020-09-13,201,93,38,90,60,28.7041,77.1025
2020-09-14,273,12,13,146,167,28.7041,77.1025
2020-09-15,84,25,15,116,213,28.7041,77.1025
2020-09-16,108,39,14,20,88,28.7041,77.1025
2020-09-17,244,118,21,23,102,28.7041,77.1025
2020-09-18,418,32,52,144,267,28.7041,77.1025
2020-09-19,215,101,56,101,255,28.7041,77.1025
2020-09-20,444,113,29,46,361,28.7041,77.1025
2020-09-21,400,14,25,78,105,28.7041,77.1025
2020-09-22,421,93,69,51,167,28.7041,77.1025
2020-09-23,224,113,67,47,302,28.7041,77.1025
2020-09-24,406,117,55,125,335,28.7041,77.1025
2020-09-25,296,74,40,124,317,28.7041,77.1025
2020-09-26,380,39,19,89,340,28.7041,77.1025
2020-09-27,211,30,43,81,382,28.7041,77.1025
2020-09-28,371,93,5,53,229,28.7041,77.1025
2020-09-29,149,79,27,106,284,28.7041,77.1025
2020-09-30,331,31,43,133,392,28.7041,77.1025
2020-10-01,354,91,61,125,245,28.7041,77.1025
2020-10-02,443,81,38,75,357,28.7041,77.1025
2020-10-03,261,112,45,132,129,28.7041,77.1025
2020-10-04,246,41,17,32,184,28.7041,77.1025
2020-10-05,170,42,10,37,71,28.7041,77.1025
2020-10-06,281,25,56,132,380,28.7041,77.1025
2020-10-07,425,85,7,58,274,28.7041,77.1025
2020-10-08,98,47,67,98,107,28.7041,77.1025
2020-10-09,118,107,53,49,142,28.7041,77.1025
2020-10-10,205,23,51,117,241,28.7041,77.1025
2020-10-11,252,45,59,77,152,28.7041,77.1025
2020-10-12,220,106,68,86,56,28.7041,77.1025
2020-10-13,321,32,69,90,177,28.7041,77.1025
2020-10-14,299,118,19,125,104,28.7041,77.1025
2020-10-15,205,75,36,26,280,28.7041,77.1025
2020-10-16,137,114,22,59,111,28.7041,77.1025
2020-10-17,227,94,47,89,289,28.7041,77.1025
2020-10-18,396,11,39,87,139,28.7041,77.1025
2020-10-19,440,100,62,68,281,28.7041,77.1025
2020-10-20,80,82,37,71,282,28.7041,77.1025
2020-10-21,427,74,18,133,382,28.7041,77.1025
2020-10-22,269,84,38,126,341,28.7041,77.1025
2020-10-23,270,76,65,48,394,28.7041,77.1025
2020-10-24,448,61,8,97,201,28.7041,77.1025
2020-10-25,391,71,63,28,194,28.7041,77.1025
2020-10-26,196,32,33,95,179,28.7041,77.1025
2020-10-27,213,35,10,61,190,28.7041,77.1025
2020-10-28,137,77,53,147,142,28.7041,77.1025
2020-10-29,123,91,44,39,163,28.7041,77.1025
2020-10-30,252,64,69,91,333,28.7041,77.1025
2020-10-31,239,15,31,84,192,28.7041,77.1025
2020-11-01,252,44,10,132,272,28.7041,77.1025
2020-11-02,396,31,17,43,281,28.7041,77.1025
2020-11-03,382,52,68,147,82,28.7041,77.1025
2020-11-04,228,24,66,102,325,28.7041,77.1025
2020-11-05,159,95,23,82,219,28.7041,77.1025
2020-11-06,292,69,47,79,189,28.7041,77.1025
2020-11-07,282,110,24,118,250,28.7041,77.1025
2020-11-08,331,115,48,81,72,28.7041,77.1025
2020-11-09,308,21,27,49,273,28.7041,77.1025
2020-11-10,243,58,6,41,319,28.7041,77.1025
2020-11-11,306,51,26,145,396,28.7041,77.1025
2020-11-12,226,47,61,61,202,28.7041,77.1025
2020-11-13,99,91,11,117,382,28.7041,77.1025
2020-11-14,126,54,60,50,134,28.7041,77.1025
2020-11-15,312,44,20,131,158,28.7041,77.1025
2020-11-16,384,39,55,141,80,28.7041,77.1025
2020-11-17,93,97,16,36,278,28.7041,77.1025
2020-11-18,222,115,57,57,289,28.7041,77.1025
2020-11-19,80,39,9,129,359,28.7041,77.1025
2020-11-20,133,87,31,41,190,28.7041,77.1025
2020-11-21,338,15,16,75,205,28.7041,77.1025
2020-11-22,223,76,21,138,348,28.7041,77.1025
2020-11-23,91,89,10,76,394,28.7041,77.1025
2020-11-24,409,16,9,54,148,28.7041,77.1025
2020-11-25,303,61,61,133,96,28.7041,77.1025
2020-11-26,351,23,32,144,376,28.7041,77.1025
2020-11-27,437,82,63,148,116,28.7041,77.1025
2020-11-28,235,24,37,71,111,28.7041,77.1025
2020-11-29,87,30,66,104,158,28.7041,77.1025
2020-11-30,201,44,54,84,216,28.7041,77.1025
2020-12-01,427,75,23,148,86,28.7041,77.1025
2020-12-02,243,100,51,40,168,28.7041,77.1025
2020-12-03,169,11,43,35,135,28.7041,77.1025
2020-12-04,215,44,37,142,101,28.7041,77.1025
2020-12-05,265,91,17,80,140,28.7041,77.1025
2020-12-06,395,87,58,73,338,28.7041,77.1025
2020-12-07,257,29,11,45,386,28.7041,77.1025
2020-12-08,107,91,18,99,347,28.7041,77.1025
2020-12-09,299,19,23,84,253,28.7041,77.1025
2020-12-10,436,34,58,119,287,28.7041,77.1025
2020-12-11,120,75,24,93,204,28.7041,77.1025
2020-12-12,307,34,33,36,289,28.7041,77.1025
2020-12-13,271,63,28,140,185,28.7041,77.1025
2020-12-14,224,42,67,42,113,28.7041,77.1025
2020-12-15,280,45,61,90,172,28.7041,77.1025
2020-12-16,291,104,12,127,303,28.7041,77.1025
2020-12-17,299,23,66,98,163,28.7041,77.1025
2020-12-18,319,74,33,65,69,28.7041,77.1025
2020-12-19,125,119,21,97,65,28.7041,77.1025
2020-12-20,114,89,10,35,194,28.7041,77.1025
2020-12-21,332,63,62,90,257,28.7041,77.1025
2020-12-22,161,119,32,115,68,28.7041,77.1025
2020-12-23,335,61,66,21,215,28.7041,77.1025
2020-12-24,276,12,45,29,87,28.7041,77.1025
2020-12-25,382,108,45,144,230,28.7041,77.1025
2020-12-26,89,50,53,100,398,28.7041,77.1025
2020-12-27,391,15,53,89,154,28.7041,77.1025
2020-12-28,365,34,7,51,149,28.7041,77.1025
2020-12-29,321,22,14,124,139,28.7041,77.1025
2020-12-30,330,107,39,103,349,28.7041,77.1025
2020-12-31,444,17,6,148,381,28.7041,77.1025
2021-01-01,84,30,28,77,128,28.7041,77.1025
2021-01-02,198,107,42,64,122,28.7041,77.1025
2021-01-03,368,77,26,116,225,28.7041,77.1025
2021-01-04,144,34,30,42,145,28.7041,77.1025
2021-01-05,225,88,47,42,394,28.7041,77.1025
2021-01-06,303,77,59,98,152,28.7041,77.1025
2021-01-07,318,54,43,63,273,28.7041,77.1025
2021-01-08,256,69,33,46,55,28.7041,77.1025
2021-01-09,346,21,24,45,171,28.7041,77.1025
2021-01-10,420,41,45,116,285,28.7041,77.1025
2021-01-11,361,105,58,55,165,28.7041,77.1025
2021-01-12,142,101,24,128,212,28.7041,77.1025
2021-01-13,296,22,23,74,275,28.7041,77.1025
2021-01-14,421,40,34,88,279,28.7041,77.1025
2021-01-15,394,87,57,80,231,28.7041,77.1025
2021-01-16,362,29,38,149,298,28.7041,77.1025
2021-01-17,256,27,26,74,367,28.7041,77.1025
2021-01-18,177,102,10,141,259,28.7041,77.1025
2021-01-19,184,69,31,116,193,28.7041,77.1025
2021-01-20,178,72,14,99,394,28.7041,77.1025
2021-01-21,390,15,52,106,145,28.7041,77.1025
2021-01-22,85,41,63,57,395,28.7041,77.1025
2021-01-23,276,102,63,138,293,28.7041,77.1025
2021-01-24,430,52,6,97,135,28.7041,77.1025
2021-01-25,212,11,33,54,233,28.7041,77.1025
2021-01-26,437,69,69,98,170,28.7041,77.1025
2021-01-27,338,32,30,86,381,28.7041,77.1025
2021-01-28,102,92,14,106,141,28.7041,77.1025
2021-01-29,132,40,57,53,119,28.7041,77.1025
2021-01-30,244,14,63,116,182,28.7041,77.1025
2021-01-31,281,92,26,90,328,28.7041,77.1025
2021-02-01,162,43,55,22,186,28.7041,77.1025
2021-02-02,224,19,52,77,363,28.7041,77.1025
2021-02-03,164,98,25,51,236,28.7041,77.1025
2021-02-04,157,11,26,50,270,28.7041,77.1025
2021-02-05,445,20,34,101,95,28.7041,77.1025
2021-02-06,80,59,29,62,327,28.7041,77.1025
2021-02-07,130,40,32,124,241,28.7041,77.1025
2021-02-08,252,65,69,20,57,28.7041,77.1025
2021-02-09,284,88,49,80,325,28.7041,77.1025
2021-02-10,339,82,11,33,228,28.7041,77.1025
2021-02-11,448,96,53,25,383,28.7041,77.1025
2021-02-12,367,92,13,122,88,28.7041,77.1025
2021-02-13,113,18,40,29,342,28.7041,77.1025
2021-02-14,427,108,5,90,227,28.7041,77.1025
2021-02-15,174,30,14,109,211,28.7041,77.1025
2021-02-16,151,82,40,145,380,28.7041,77.1025
2021-02-17,118,37,50,116,153,28.7041,77.1025
2021-02-18,233,71,36,93,210,28.7041,77.1025
2021-02-19,329,119,36,134,336,28.7041,77.1025
2021-02-20,241,16,10,70,172,28.7041,77.1025
2021-02-21,197,89,52,75,103,28.7041,77.1025
2021-02-22,338,25,42,60,83,28.7041,77.1025
2021-02-23,385,106,21,51,291,28.7041,77.1025
2021-02-24,347,13,31,34,162,28.7041,77.1025
2021-02-25,133,13,58,81,367,28.7041,77.1025
2021-02-26,315,112,54,47,72,28.7041,77.1025
2021-02-27,301,49,39,83,95,28.7041,77.1025
2021-02-28,330,26,29,149,361,28.7041,77.1025
2021-03-01,392,110,32,146,184,28.7041,77.1025
2021-03-02,191,112,19,55,167,28.7041,77.1025
2021-03-03,334,61,8,133,238,28.7041,77.1025
2021-03-04,382,102,31,32,180,28.7041,77.1025
2021-03-05,286,61,30,34,261,28.7041,77.1025
2021-03-06,308,45,23,108,162,28.7041,77.1025
2021-03-07,420,47,21,41,93,28.7041,77.1025
2021-03-08,145,112,47,93,177,28.7041,77.1025
2021-03-09,154,59,45,44,207,28.7041,77.1025
2021-03-10,182,72,46,120,322,28.7041,77.1025
2021-03-11,271,110,54,136,364,28.7041,77.1025
2021-03-12,331,72,44,60,389,28.7041,77.1025
2021-03-13,305,71,43,107,94,28.7041,77.1025
2021-03-14,373,108,27,129,157,28.7041,77.1025
2021-03-15,385,16,56,139,268,28.7041,77.1025
2021-03-16,177,36,51,116,367,28.7041,77.1025
2021-03-17,417,101,67,76,364,28.7041,77.1025
2021-03-18,365,95,47,149,226,28.7041,77.1025
2021-03-19,414,23,52,115,277,28.7041,77.1025
2021-03-20,426,80,38,140,240,28.7041,77.1025
2021-03-21,387,110,44,81,209,28.7041,77.1025
2021-03-22,328,95,65,87,316,28.7041,77.1025
2021-03-23,245,14,54,100,375,28.7041,77.1025
2021-03-24,414,64,66,36,239,28.7041,77.1025
2021-03-25,109,11,62,136,224,28.7041,77.1025
2021-03-26,326,71,37,69,339,28.7041,77.1025
2021-03-27,185,100,20,131,194,28.7041,77.1025
2021-03-28,130,30,52,113,281,28.7041,77.1025
2021-03-29,160,111,14,104,253,28.7041,77.1025
2021-03-30,212,88,42,93,262,28.7041,77.1025
2021-03-31,364,30,23,128,89,28.7041,77.1025
2021-04-01,217,19,40,37,324,28.7041,77.1025
2021-04-02,263,96,63,61,372,28.7041,77.1025
2021-04-03,409,67,67,120,131,28.7041,77.1025
2021-04-04,352,48,50,64,230,28.7041,77.1025
2021-04-05,419,14,7,101,369,28.7041,77.1025
2021-04-06,148,74,69,36,132,28.7041,77.1025
2021-04-07,113,22,12,92,352,28.7041,77.1025
2021-04-08,341,94,55,33,311,28.7041,77.1025
2021-04-09,132,99,10,101,321,28.7041,77.1025
2021-04-10,284,118,43,139,249,28.7041,77.1025
2021-04-11,205,94,64,139,289,28.7041,77.1025
2021-04-12,314,62,32,66,229,28.7041,77.1025
2021-04-13,122,91,58,126,220,28.7041,77.1025
2021-04-14,319,110,41,127,344,28.7041,77.1025
2021-04-15,190,54,13,28,226,28.7041,77.1025
2021-04-16,328,41,60,98,286,28.7041,77.1025
2021-04-17,230,45,63,34,187,28.7041,77.1025
2021-04-18,262,90,6,38,376,28.7041,77.1025
2021-04-19,415,108,65,109,360,28.7041,77.1025
2021-04-20,174,69,62,45,178,28.7041,77.1025
2021-04-21,87,20,64,111,98,28.7041,77.1025
2021-04-22,439,72,44,101,213,28.7041,77.1025
2021-04-23,263,30,40,61,326,28.7041,77.1025
2021-04-24,360,61,41,38,342,28.7041,77.1025
2021-04-25,274,64,22,36,165,28.7041,77.1025
2021-04-26,431,35,67,95,73,28.7041,77.1025
2021-04-27,274,77,26,82,360,28.7041,77.1025
2021-04-28,234,43,15,126,74,28.7041,77.1025
2021-04-29,172,61,62,68,176,28.7041,77.1025
2021-04-30,239,91,61,74,283,28.7041,77.1025
2021-05-01,140,113,8,118,258,28.7041,77.1025
2021-05-02,201,108,11,71,142,28.7041,77.1025
2021-05-03,130,114,65,119,143,28.7041,77.1025
2021-05-04,356,102,58,136,376,28.7041,77.1025
2021-05-05,84,61,5,137,274,28.7041,77.1025
2021-05-06,171,38,59,26,329,28.7041,77.1025
2021-05-07,249,47,7,65,60,28.7041,77.1025
2021-05-08,396,51,42,65,378,28.7041,77.1025
2021-05-09,101,30,5,119,61,28.7041,77.1025
2021-05-10,405,51,42,73,84,28.7041,77.1025
2021-05-11,80,22,33,81,277,28.7041,77.1025
2021-05-12,212,114,9,148,269,28.7041,77.1025
2021-05-13,312,73,25,68,190,28.7041,77.1025
2021-05-14,91,26,51,44,72,28.7041,77.1025
2021-05-15,425,18,39,29,132,28.7041,77.1025
2021-05-16,125,50,5,137,278,28.7041,77.1025
2021-05-17,113,10,16,111,393,28.7041,77.1025
2021-05-18,157,11,64,99,129,28.7041,77.1025
2021-05-19,297,69,31,90,339,28.7041,77.1025
2021-05-20,380,57,60,97,380,28.7041,77.1025
2021-05-21,152,38,27,62,208,28.7041,77.1025
2021-05-22,361,106,29,109,177,28.7041,77.1025
2021-05-23,328,19,25,97,239,28.7041,77.1025
2021-05-24,126,67,65,45,80,28.7041,77.1025
2021-05-25,200,69,67,140,64,28.7041,77.1025
2021-05-26,293,113,56,64,362,28.7041,77.1025
2021-05-27,318,30,29,82,124,28.7041,77.1025
2021-05-28,135,37,59,87,83,28.7041,77.1025
2021-05-29,429,84,50,21,245,28.7041,77.1025
2021-05-30,186,43,36,127,380,28.7041,77.1025
2021-05-31,398,17,59,49,78,28.7041,77.1025
2021-06-01,127,68,9,68,243,28.7041,77.1025
2021-06-02,140,95,40,63,65,28.7041,77.1025
2021-06-03,416,81,53,32,126,28.7041,77.1025
2021-06-04,105,58,62,97,342,28.7041,77.1025
2021-06-05,371,88,43,145,130,28.7041,77.1025
2021-06-06,336,26,65,117,173,28.7041,77.1025
2021-06-07,87,69,13,45,68,28.7041,77.1025
2021-06-08,192,96,10,67,151,28.7041,77.1025
2021-06-09,434,97,39,85,126,28.7041,77.1025
2021-06-10,332,54,43,106,278,28.7041,77.1025
2021-06-11,259,92,26,98,346,28.7041,77.1025
2021-06-12,286,78,45,42,252,28.7041,77.1025
2021-06-13,382,41,9,100,110,28.7041,77.1025
2021-06-14,206,53,46,67,75,28.7041,77.1025
2021-06-15,135,74,34,143,120,28.7041,77.1025
2021-06-16,293,96,61,149,152,28.7041,77.1025
2021-06-17,93,110,33,103,375,28.7041,77.1025
2021-06-18,107,17,41,39,206,28.7041,77.1025
2021-06-19,157,86,17,65,243,28.7041,77.1025
2021-06-20,295,81,36,31,324,28.7041,77.1025
2021-06-21,444,96,50,59,373,28.7041,77.1025
2021-06-22,233,52,27,85,235,28.7041,77.1025
2021-06-23,93,10,49,119,375,28.7041,77.1025
2021-06-24,266,118,21,97,162,28.7041,77.1025
2021-06-25,391,60,10,35,362,28.7041,77.1025
2021-06-26,86,33,22,102,214,28.7041,77.1025
2021-06-27,82,108,26,63,110,28.7041,77.1025
2021-06-28,190,33,37,119,141,28.7041,77.1025
2021-06-29,317,26,34,41,335,28.7041,77.1025
2021-06-30,442,14,36,37,202,28.7041,77.1025
2021-07-01,318,29,46,31,274,28.7041,77.1025
2021-07-02,353,30,14,142,176,28.7041,77.1025
2021-07-03,373,113,40,136,242,28.7041,77.1025
2021-07-04,306,67,38,70,164,28.7041,77.1025
2021-07-05,94,40,32,90,311,28.7041,77.1025
2021-07-06,271,119,15,67,67,28.7041,77.1025
2021-07-07,198,109,43,38,59,28.7041,77.1025
2021-07-08,107,20,51,25,141,28.7041,77.1025
2021-07-09,281,61,23,103,188,28.7041,77.1025
2021-07-10,118,24,19,72,382,28.7041,77.1025
2021-07-11,352,92,32,126,389,28.7041,77.1025
2021-07-12,310,16,28,120,101,28.7041,77.1025
2021-07-13,165,37,13,67,244,28.7041,77.1025
2021-07-14,205,60,51,88,255,28.7041,77.1025
2021-07-15,379,116,37,30,336,28.7041,77.1025
2021-07-16,104,67,66,141,142,28.7041,77.1025
2021-07-17,224,14,23,88,358,28.7041,77.1025
2021-07-18,92,14,44,42,194,28.7041,77.1025
2021-07-19,291,103,51,56,135,28.7041,77.1025
2021-07-20,104,105,69,28,202,28.7041,77.1025
2021-07-21,147,17,33,34,51,28.7041,77.1025
2021-07-22,146,73,54,112,391,28.7041,77.1025
2021-07-23,312,19,17,36,309,28.7041,77.1025
2021-07-24,188,47,5,91,213,28.7041,77.1025
2021-07-25,225,105,38,140,55,28.7041,77.1025
2021-07-26,190,101,52,30,198,28.7041,77.1025
2021-07-27,307,90,52,91,254,28.7041,77.1025
2021-07-28,190,104,53,125,167,28.7041,77.1025
2021-07-29,113,17,68,144,138,28.7041,77.1025
2021-07-30,190,113,65,54,203,28.7041,77.1025
2021-07-31,343,34,33,138,216,28.7041,77.1025
2021-08-01,448,82,43,33,210,28.7041,77.1025
2021-08-02,315,75,30,33,319,28.7041,77.1025
2021-08-03,162,88,21,29,105,28.7041,77.1025
2021-08-04,121,59,17,57,277,28.7041,77.1025
2021-08-05,180,76,30,127,386,28.7041,77.1025
2021-08-06,85,58,53,138,198,28.7041,77.1025
2021-08-07,259,45,11,53,95,28.7041,77.1025
2021-08-08,361,77,62,29,193,28.7041,77.1025
2021-08-09,399,87,53,141,287,28.7041,77.1025
2021-08-10,305,114,57,134,321,28.7041,77.1025
2021-08-11,394,50,69,20,169,28.7041,77.1025
2021-08-12,444,98,66,31,389,28.7041,77.1025
2021-08-13,308,71,21,122,269,28.7041,77.1025
2021-08-14,368,19,47,23,57,28.7041,77.1025
2021-08-15,229,30,29,117,393,28.7041,77.1025
2021-08-16,356,45,7,125,324,28.7041,77.1025
2021-08-17,277,21,33,104,115,28.7041,77.1025
2021-08-18,149,100,36,140,128,28.7041,77.1025
2021-08-19,191,113,30,101,135,28.7041,77.1025
2021-08-20,83,11,20,38,173,28.7041,77.1025
2021-08-21,429,22,29,149,251,28.7041,77.1025
2021-08-22,410,62,58,31,199,28.7041,77.1025
2021-08-23,397,41,32,100,95,28.7041,77.1025
2021-08-24,429,104,60,93,162,28.7041,77.1025
2021-08-25,174,25,69,117,140,28.7041,77.1025
2021-08-26,231,41,45,25,190,28.7041,77.1025
2021-08-27,390,41,55,144,338,28.7041,77.1025
2021-08-28,216,107,33,70,267,28.7041,77.1025
2021-08-29,326,20,23,30,126,28.7041,77.1025
2021-08-30,322,19,45,146,383,28.7041,77.1025
2021-08-31,110,24,49,92,201,28.7041,77.1025
2021-09-01,119,26,19,21,372,28.7041,77.1025
2021-09-02,308,49,7,27,288,28.7041,77.1025
2021-09-03,115,27,15,143,164,28.7041,77.1025
2021-09-04,302,64,57,72,368,28.7041,77.1025
2021-09-05,85,82,50,29,143,28.7041,77.1025
2021-09-06,401,34,34,131,97,28.7041,77.1025
2021-09-07,299,113,61,27,240,28.7041,77.1025
2021-09-08,154,68,22,55,61,28.7041,77.1025
2021-09-09,83,87,55,125,205,28.7041,77.1025
2021-09-10,414,98,52,33,221,28.7041,77.1025
2021-09-11,213,31,12,105,345,28.7041,77.1025
2021-09-12,197,39,26,69,226,28.7041,77.1025
2021-09-13,448,93,10,39,390,28.7041,77.1025
2021-09-14,173,94,61,106,106,28.7041,77.1025
2021-09-15,141,53,40,148,392,28.7041,77.1025
2021-09-16,273,41,61,57,389,28.7041,77.1025
2021-09-17,414,60,53,63,252,28.7041,77.1025
2021-09-18,282,55,49,105,234,28.7041,77.1025
2021-09-19,105,30,49,63,170,28.7041,77.1025
2021-09-20,252,108,24,93,275,28.7041,77.1025
2021-09-21,379,41,68,138,251,28.7041,77.1025
2021-09-22,212,103,7,141,379,28.7041,77.1025
2021-09-23,405,48,58,70,265,28.7041,77.1025
2021-09-24,197,21,68,57,92,28.7041,77.1025
2021-09-25,403,114,44,70,72,28.7041,77.1025
2021-09-26,354,56,63,29,204,28.7041,77.1025
2021-09-27,291,27,59,139,235,28.7041,77.1025
2021-09-28,304,30,66,89,298,28.7041,77.1025
2021-09-29,99,22,8,104,286,28.7041,77.1025
2021-09-30,192,30,64,76,342,28.7041,77.1025
2021-10-01,219,17,34,145,183,28.7041,77.1025
2021-10-02,126,55,6,58,370,28.7041,77.1025
2021-10-03,80,113,66,52,71,28.7041,77.1025
2021-10-04,169,119,53,37,137,28.7041,77.1025
2021-10-05,221,16,13,76,202,28.7041,77.1025
2021-10-06,399,32,35,115,174,28.7041,77.1025
2021-10-07,117,117,65,67,128,28.7041,77.1025
2021-10-08,372,105,52,61,395,28.7041,77.1025
2021-10-09,218,84,29,46,100,28.7041,77.1025
2021-10-10,435,95,40,93,265,28.7041,77.1025
2021-10-11,412,31,12,129,225,28.7041,77.1025
2021-10-12,338,116,62,51,302,28.7041,77.1025
2021-10-13,240,98,49,45,295,28.7041,77.1025
2021-10-14,257,31,66,44,276,28.7041,77.1025
2021-10-15,89,101,43,94,155,28.7041,77.1025
2021-10-16,340,38,62,42,242,28.7041,77.1025
2021-10-17,217,22,68,76,365,28.7041,77.1025
2021-10-18,251,91,48,145,351,28.7041,77.1025
2021-10-19,92,11,33,106,85,28.7041,77.1025
2021-10-20,247,38,63,50,253,28.7041,77.1025
2021-10-21,209,94,13,83,316,28.7041,77.1025
2021-10-22,163,88,10,52,317,28.7041,77.1025
2021-10-23,400,61,33,21,219,28.7041,77.1025
2021-10-24,398,36,62,37,88,28.7041,77.1025
2021-10-25,180,59,21,103,188,28.7041,77.1025
2021-10-26,408,104,20,54,341,28.7041,77.1025
2021-10-27,352,88,7,133,101,28.7041,77.1025
2021-10-28,344,32,25,129,336,28.7041,77.1025
2021-10-29,117,97,68,107,338,28.7041,77.1025
2021-10-30,173,53,40,91,190,28.7041,77.1025
2021-10-31,174,86,66,144,195,28.7041,77.1025
2021-11-01,384,31,46,49,363,28.7041,77.1025
2021-11-02,148,52,46,72,233,28.7041,77.1025
2021-11-03,397,46,65,106,201,28.7041,77.1025
2021-11-04,315,70,17,32,250,28.7041,77.1025
2021-11-05,413,106,15,59,177,28.7041,77.1025
2021-11-06,216,65,58,108,336,28.7041,77.1025
2021-11-07,155,12,20,87,360,28.7041,77.1025
2021-11-08,114,72,12,61,302,28.7041,77.1025
2021-11-09,80,28,63,113,315,28.7041,77.1025
2021-11-10,375,32,61,38,237,28.7041,77.1025
2021-11-11,399,38,44,42,279,28.7041,77.1025
2021-11-12,139,39,63,73,320,28.7041,77.1025
2021-11-13,399,48,6,84,308,28.7041,77.1025
2021-11-14,428,117,14,43,348,28.7041,77.1025
2021-11-15,407,34,48,53,247,28.7041,77.1025
2021-11-16,346,110,15,72,372,28.7041,77.1025
2021-11-17,440,17,6,37,105,28.7041,77.1025
2021-11-18,308,115,54,76,368,28.7041,77.1025
2021-11-19,349,67,16,131,252,28.7041,77.1025
2021-11-20,395,25,27,24,320,28.7041,77.1025
2021-11-21,365,81,22,32,158,28.7041,77.1025
2021-11-22,370,10,66,102,165,28.7041,77.1025
2021-11-23,292,117,66,48,141,28.7041,77.1025
2021-11-24,244,14,42,22,187,28.7041,77.1025
2021-11-25,84,12,42,109,352,28.7041,77.1025
2021-11-26,418,74,65,123,106,28.7041,77.1025
2021-11-27,157,13,5,142,99,28.7041,77.1025
2021-11-28,141,113,49,95,120,28.7041,77.1025
2021-11-29,211,108,32,149,131,28.7041,77.1025
2021-11-30,168,105,25,127,154,28.7041,77.1025
2021-12-01,316,73,17,101,137,28.7041,77.1025
2021-12-02,121,115,31,96,51,28.7041,77.1025
2021-12-03,168,107,11,21,133,28.7041,77.1025
2021-12-04,375,116,26,146,92,28.7041,77.1025
2021-12-05,407,98,57,45,203,28.7041,77.1025
2021-12-06,374,19,8,107,376,28.7041,77.1025
2021-12-07,183,30,27,35,143,28.7041,77.1025
2021-12-08,93,55,37,92,347,28.7041,77.1025
2021-12-09,367,112,32,51,182,28.7041,77.1025
2021-12-10,258,100,12,34,114,28.7041,77.1025
2021-12-11,204,36,5,24,339,28.7041,77.1025
2021-12-12,432,75,41,93,306,28.7041,77.1025
2021-12-13,102,50,67,71,262,28.7041,77.1025
2021-12-14,142,22,26,96,197,28.7041,77.1025
2021-12-15,222,18,25,129,110,28.7041,77.1025
2021-12-16,232,45,39,125,198,28.7041,77.1025
2021-12-17,224,95,9,146,137,28.7041,77.1025
2021-12-18,304,115,64,26,373,28.7041,77.1025
2021-12-19,388,99,50,59,327,28.7041,77.1025
2021-12-20,183,67,54,118,131,28.7041,77.1025
2021-12-21,183,63,52,104,178,28.7041,77.1025
2021-12-22,118,21,10,84,335,28.7041,77.1025
2021-12-23,277,90,60,30,329,28.7041,77.1025
2021-12-24,213,87,63,127,319,28.7041,77.1025
2021-12-25,146,23,33,45,341,28.7041,77.1025
2021-12-26,258,43,22,104,252,28.7041,77.1025
2021-12-27,121,62,6,142,73,28.7041,77.1025
2021-12-28,94,29,12,87,360,28.7041,77.1025
2021-12-29,190,84,58,123,257,28.7041,77.1025
2021-12-30,236,25,42,99,329,28.7041,77.1025
2021-12-31,368,104,52,72,254,28.7041,77.1025
2022-01-01,310,79,31,125,201,28.7041,77.1025
2022-01-02,236,65,24,63,75,28.7041,77.1025
2022-01-03,117,92,16,109,243,28.7041,77.1025
2022-01-04,176,110,47,120,385,28.7041,77.1025
2022-01-05,368,67,65,116,287,28.7041,77.1025
2022-01-06,333,13,35,28,370,28.7041,77.1025
2022-01-07,275,13,65,31,124,28.7041,77.1025
2022-01-08,165,29,39,88,212,28.7041,77.1025
2022-01-09,401,19,19,47,348,28.7041,77.1025
2022-01-10,89,33,20,75,78,28.7041,77.1025
2022-01-11,84,108,17,118,214,28.7041,77.1025
2022-01-12,202,35,39,129,386,28.7041,77.1025
2022-01-13,409,46,63,96,235,28.7041,77.1025
2022-01-14,432,111,25,122,103,28.7041,77.1025
2022-01-15,197,94,58,125,344,28.7041,77.1025
2022-01-16,373,63,34,128,91,28.7041,77.1025
2022-01-17,238,113,52,131,334,28.7041,77.1025
2022-01-18,382,112,39,77,187,28.7041,77.1025
2022-01-19,307,30,42,97,236,28.7041,77.1025
2022-01-20,444,83,35,94,253,28.7041,77.1025
2022-01-21,295,47,28,61,91,28.7041,77.1025
2022-01-22,263,55,53,87,399,28.7041,77.1025
2022-01-23,94,13,36,52,337,28.7041,77.1025
2022-01-24,236,69,59,90,75,28.7041,77.1025
2022-01-25,215,66,62,75,105,28.7041,77.1025
2022-01-26,340,54,7,124,302,28.7041,77.1025
2022-01-27,236,29,14,120,171,28.7041,77.1025
2022-01-28,126,26,29,70,155,28.7041,77.1025
2022-01-29,403,80,65,93,179,28.7041,77.1025
2022-01-30,411,13,33,140,386,28.7041,77.1025
2022-01-31,252,102,23,24,207,28.7041,77.1025
2022-02-01,209,23,47,102,280,28.7041,77.1025
2022-02-02,174,12,65,70,357,28.7041,77.1025
2022-02-03,194,97,47,29,140,28.7041,77.1025
2022-02-04,322,110,29,23,71,28.7041,77.1025
2022-02-05,371,89,24,114,339,28.7041,77.1025
2022-02-06,361,67,52,99,159,28.7041,77.1025
2022-02-07,378,64,28,55,98,28.7041,77.1025
2022-02-08,362,13,15,44,178,28.7041,77.1025
2022-02-09,148,33,59,117,122,28.7041,77.1025
2022-02-10,227,43,32,120,389,28.7041,77.1025
2022-02-11,90,39,67,28,102,28.7041,77.1025
2022-02-12,333,91,63,80,217,28.7041,77.1025
2022-02-13,409,28,9,72,94,28.7041,77.1025
2022-02-14,439,40,55,82,154,28.7041,77.1025
2022-02-15,117,69,25,140,199,28.7041,77.1025
2022-02-16,213,69,16,124,195,28.7041,77.1025
2022-02-17,279,28,54,23,253,28.7041,77.1025
2022-02-18,102,58,8,112,348,28.7041,77.1025
2022-02-19,382,72,46,47,216,28.7041,77.1025
2022-02-20,425,119,42,99,250,28.7041,77.1025
2022-02-21,381,92,29,95,183,28.7041,77.1025
2022-02-22,442,31,18,135,260,28.7041,77.1025
2022-02-23,297,33,36,88,97,28.7041,77.1025
2022-02-24,220,118,15,117,175,28.7041,77.1025
2022-02-25,183,85,65,20,288,28.7041,77.1025
2022-02-26,289,39,22,115,56,28.7041,77.1025
2022-02-27,190,67,31,36,321,28.7041,77.1025
2022-02-28,183,111,59,131,86,28.7041,77.1025
2022-03-01,395,40,58,110,260,28.7041,77.1025
2022-03-02,250,109,25,107,214,28.7041,77.1025
2022-03-03,435,73,48,109,174,28.7041,77.1025
2022-03-04,403,28,9,68,386,28.7041,77.1025
2022-03-05,212,57,45,57,241,28.7041,77.1025
2022-03-06,372,54,63,78,267,28.7041,77.1025
2022-03-07,407,109,58,87,263,28.7041,77.1025
2022-03-08,206,103,26,149,111,28.7041,77.1025
2022-03-09,185,64,69,68,377,28.7041,77.1025
2022-03-10,171,64,68,145,210,28.7041,77.1025
2022-03-11,366,106,8,130,115,28.7041,77.1025
2022-03-12,130,27,69,67,335,28.7041,77.1025
2022-03-13,108,72,19,70,288,28.7041,77.1025
2022-03-14,375,101,26,62,69,28.7041,77.1025
2022-03-15,376,56,51,117,237,28.7041,77.1025
2022-03-16,293,84,50,143,131,28.7041,77.1025
2022-03-17,346,66,18,99,251,28.7041,77.1025
2022-03-18,336,54,54,130,181,28.7041,77.1025
2022-03-19,381,42,24,46,86,28.7041,77.1025
2022-03-20,180,26,54,132,181,28.7041,77.1025
2022-03-21,425,79,37,105,126,28.7041,77.1025
2022-03-22,189,13,63,133,138,28.7041,77.1025
2022-03-23,261,29,47,143,302,28.7041,77.1025
2022-03-24,392,56,16,68,393,28.7041,77.1025
2022-03-25,80,100,44,95,243,28.7041,77.1025
2022-03-26,398,24,24,74,225,28.7041,77.1025
2022-03-27,134,79,42,75,82,28.7041,77.1025
2022-03-28,228,56,7,114,107,28.7041,77.1025
2022-03-29,388,87,32,63,250,28.7041,77.1025
2022-03-30,216,84,60,106,77,28.7041,77.1025
2022-03-31,281,112,17,103,84,28.7041,77.1025
2022-04-01,392,18,41,35,174,28.7041,77.1025
2022-04-02,196,99,53,56,370,28.7041,77.1025
2022-04-03,233,25,40,96,91,28.7041,77.1025
2022-04-04,370,78,58,64,134,28.7041,77.1025
2022-04-05,142,70,30,81,237,28.7041,77.1025
2022-04-06,323,19,44,119,160,28.7041,77.1025
2022-04-07,104,59,47,71,320,28.7041,77.1025
2022-04-08,169,12,26,38,374,28.7041,77.1025
2022-04-09,154,86,24,128,154,28.7041,77.1025
2022-04-10,373,116,12,63,369,28.7041,77.1025
2022-04-11,289,103,33,26,90,28.7041,77.1025
2022-04-12,426,118,44,136,264,28.7041,77.1025
2022-04-13,96,79,34,87,120,28.7041,77.1025
2022-04-14,207,90,59,53,105,28.7041,77.1025
2022-04-15,443,118,20,88,285,28.7041,77.1025
2022-04-16,330,60,50,74,330,28.7041,77.1025
2022-04-17,258,28,66,29,154,28.7041,77.1025
2022-04-18,261,51,11,61,211,28.7041,77.1025
2022-04-19,231,44,49,60,240,28.7041,77.1025
2022-04-20,104,55,63,141,58,28.7041,77.1025
2022-04-21,259,35,60,29,109,28.7041,77.1025
2022-04-22,277,78,52,121,354,28.7041,77.1025
2022-04-23,423,102,31,147,274,28.7041,77.1025
2022-04-24,240,73,57,111,356,28.7041,77.1025
2022-04-25,256,46,39,132,237,28.7041,77.1025
2022-04-26,364,93,55,97,119,28.7041,77.1025
2022-04-27,142,58,41,104,342,28.7041,77.1025
2022-04-28,229,30,61,49,336,28.7041,77.1025
2022-04-29,233,83,12,68,218,28.7041,77.1025
2022-04-30,235,73,24,28,111,28.7041,77.1025
2022-05-01,449,14,57,88,398,28.7041,77.1025
2022-05-02,128,109,16,77,63,28.7041,77.1025
2022-05-03,416,79,53,81,213,28.7041,77.1025
2022-05-04,163,99,21,71,294,28.7041,77.1025
2022-05-05,440,13,68,59,384,28.7041,77.1025
2022-05-06,256,112,46,82,57,28.7041,77.1025
2022-05-07,227,48,33,69,203,28.7041,77.1025
2022-05-08,197,44,23,97,85,28.7041,77.1025
2022-05-09,421,10,15,116,97,28.7041,77.1025
2022-05-10,142,33,54,62,134,28.7041,77.1025
2022-05-11,268,66,62,55,77,28.7041,77.1025
2022-05-12,439,109,38,141,245,28.7041,77.1025
2022-05-13,128,79,24,127,257,28.7041,77.1025
2022-05-14,406,50,54,29,253,28.7041,77.1025
2022-05-15,336,63,14,114,356,28.7041,77.1025
2022-05-16,303,55,36,25,153,28.7041,77.1025
2022-05-17,220,69,56,76,279,28.7041,77.1025
2022-05-18,294,117,19,148,150,28.7041,77.1025
2022-05-19,290,69,7,90,78,28.7041,77.1025
2022-05-20,397,66,41,40,176,28.7041,77.1025
2022-05-21,111,40,44,111,387,28.7041,77.1025
2022-05-22,237,93,44,146,59,28.7041,77.1025
2022-05-23,364,33,60,99,155,28.7041,77.1025
2022-05-24,384,98,27,75,216,28.7041,77.1025
2022-05-25,365,45,15,135,306,28.7041,77.1025
2022-05-26,223,94,68,44,344,28.7041,77.1025
2022-05-27,98,39,12,24,326,28.7041,77.1025
2022-05-28,97,33,60,139,114,28.7041,77.1025
2022-05-29,336,117,64,40,320,28.7041,77.1025
2022-05-30,157,115,14,37,237,28.7041,77.1025
2022-05-31,254,39,43,76,366,28.7041,77.1025
2022-06-01,273,95,32,112,187,28.7041,77.1025
2022-06-02,192,101,53,38,392,28.7041,77.1025
2022-06-03,193,16,40,147,154,28.7041,77.1025
2022-06-04,301,44,17,116,83,28.7041,77.1025
2022-06-05,245,64,40,40,159,28.7041,77.1025
2022-06-06,398,101,30,59,82,28.7041,77.1025
2022-06-07,211,23,8,86,280,28.7041,77.1025
2022-06-08,343,19,68,146,366,28.7041,77.1025
2022-06-09,134,89,42,74,315,28.7041,77.1025
2022-06-10,438,25,26,128,231,28.7041,77.1025
2022-06-11,210,63,6,117,389,28.7041,77.1025
2022-06-12,367,104,35,131,114,28.7041,77.1025
2022-06-13,345,115,15,134,382,28.7041,77.1025
2022-06-14,445,98,50,136,50,28.7041,77.1025
2022-06-15,241,86,66,106,182,28.7041,77.1025
2022-06-16,166,79,68,100,129,28.7041,77.1025
2022-06-17,134,53,14,85,320,28.7041,77.1025
2022-06-18,367,82,44,38,290,28.7041,77.1025
2022-06-19,257,54,28,137,77,28.7041,77.1025
2022-06-20,428,109,48,61,272,28.7041,77.1025
2022-06-21,87,65,64,61,72,28.7041,77.1025
2022-06-22,400,116,66,78,158,28.7041,77.1025
2022-06-23,392,93,21,39,156,28.7041,77.1025
2022-06-24,326,91,69,92,194,28.7041,77.1025
2022-06-25,402,116,61,36,188,28.7041,77.1025
2022-06-26,334,66,59,46,333,28.7041,77.1025
2022-06-27,407,30,57,21,347,28.7041,77.1025
2022-06-28,133,77,60,82,148,28.7041,77.1025
2022-06-29,328,59,13,81,366,28.7041,77.1025
2022-06-30,318,42,26,119,172,28.7041,77.1025
2022-07-01,308,100,17,38,369,28.7041,77.1025
2022-07-02,146,16,52,36,336,28.7041,77.1025
2022-07-03,130,79,22,88,130,28.7041,77.1025
2022-07-04,176,24,44,136,59,28.7041,77.1025
2022-07-05,171,91,21,100,57,28.7041,77.1025
2022-07-06,343,41,19,58,254,28.7041,77.1025
2022-07-07,370,84,19,55,364,28.7041,77.1025
2022-07-08,175,29,67,48,246,28.7041,77.1025
2022-07-09,167,97,43,70,247,28.7041,77.1025
2022-07-10,157,24,17,33,79,28.7041,77.1025
2022-07-11,367,57,36,88,69,28.7041,77.1025
2022-07-12,199,80,13,76,97,28.7041,77.1025
2022-07-13,381,30,44,31,179,28.7041,77.1025
2022-07-14,244,51,24,36,342,28.7041,77.1025
2022-07-15,261,35,67,49,181,28.7041,77.1025
2022-07-16,302,117,48,107,103,28.7041,77.1025
2022-07-17,390,23,42,118,330,28.7041,77.1025
2022-07-18,86,66,64,42,314,28.7041,77.1025
2022-07-19,409,46,52,148,264,28.7041,77.1025
2022-07-20,342,67,22,98,339,28.7041,77.1025
2022-07-21,240,30,20,51,92,28.7041,77.1025
2022-07-22,230,91,59,28,123,28.7041,77.1025
2022-07-23,164,78,43,34,399,28.7041,77.1025
2022-07-24,226,12,63,46,327,28.7041,77.1025
2022-07-25,191,96,66,128,375,28.7041,77.1025
2022-07-26,115,99,17,95,291,28.7041,77.1025
2022-07-27,364,46,10,84,179,28.7041,77.1025
2022-07-28,267,97,64,128,399,28.7041,77.1025
2022-07-29,161,58,18,148,243,28.7041,77.1025
2022-07-30,81,28,58,29,81,28.7041,77.1025
2022-07-31,382,98,8,66,155,28.7041,77.1025
2022-08-01,276,94,43,142,253,28.7041,77.1025
2022-08-02,90,21,29,78,50,28.7041,77.1025
2022-08-03,313,70,36,115,294,28.7041,77.1025
2022-08-04,274,50,63,122,121,28.7041,77.1025
2022-08-05,198,42,67,143,355,28.7041,77.1025
2022-08-06,99,59,42,105,64,28.7041,77.1025
2022-08-07,340,77,57,131,102,28.7041,77.1025
2022-08-08,372,115,32,46,57,28.7041,77.1025
2022-08-09,335,80,7,37,379,28.7041,77.1025
2022-08-10,301,95,26,101,95,28.7041,77.1025
2022-08-11,305,42,42,91,374,28.7041,77.1025
2022-08-12,132,90,66,73,163,28.7041,77.1025
2022-08-13,434,33,61,90,196,28.7041,77.1025
2022-08-14,421,70,10,57,215,28.7041,77.1025
2022-08-15,443,70,36,54,188,28.7041,77.1025
2022-08-16,359,107,14,101,166,28.7041,77.1025
2022-08-17,160,37,7,23,348,28.7041,77.1025
2022-08-18,281,67,63,42,325,28.7041,77.1025
2022-08-19,237,52,53,67,326,28.7041,77.1025
2022-08-20,199,50,63,144,387,28.7041,77.1025
2022-08-21,138,48,35,74,362,28.7041,77.1025
2022-08-22,294,95,66,87,227,28.7041,77.1025
2022-08-23,207,58,56,107,379,28.7041,77.1025
2022-08-24,303,26,45,20,203,28.7041,77.1025
2022-08-25,288,107,35,114,250,28.7041,77.1025
2022-08-26,449,79,26,125,164,28.7041,77.1025
2022-08-27,194,119,8,127,208,28.7041,77.1025
2022-08-28,288,79,17,61,91,28.7041,77.1025
2022-08-29,93,107,49,121,296,28.7041,77.1025
2022-08-30,88,74,46,143,117,28.7041,77.1025
2022-08-31,119,83,53,122,375,28.7041,77.1025
2022-09-01,316,94,24,93,383,28.7041,77.1025
2022-09-02,360,14,58,127,245,28.7041,77.1025
2022-09-03,438,11,40,141,139,28.7041,77.1025
2022-09-04,280,31,5,36,160,28.7041,77.1025
2022-09-05,325,66,19,90,194,28.7041,77.1025
2022-09-06,357,75,21,81,324,28.7041,77.1025
2022-09-07,314,83,28,60,228,28.7041,77.1025
2022-09-08,83,107,62,138,290,28.7041,77.1025
2022-09-09,233,25,27,64,375,28.7041,77.1025
2022-09-10,108,60,50,77,368,28.7041,77.1025
2022-09-11,188,48,12,145,380,28.7041,77.1025
2022-09-12,177,95,63,63,202,28.7041,77.1025
2022-09-13,294,85,63,34,153,28.7041,77.1025
2022-09-14,372,97,17,97,124,28.7041,77.1025
2022-09-15,154,49,43,89,177,28.7041,77.1025
2022-09-16,405,47,32,120,248,28.7041,77.1025
2022-09-17,225,69,65,22,203,28.7041,77.1025
2022-09-18,207,68,20,105,105,28.7041,77.1025
2022-09-19,420,19,6,93,327,28.7041,77.1025
2022-09-20,121,108,21,70,394,28.7041,77.1025
2022-09-21,435,73,34,86,68,28.7041,77.1025
2022-09-22,120,72,17,95,208,28.7041,77.1025
2022-09-23,113,58,17,112,75,28.7041,77.1025
2022-09-24,96,73,47,26,218,28.7041,77.1025
2022-09-25,244,41,25,32,72,28.7041,77.1025
2022-09-26,232,16,59,139,96,28.7041,77.1025
2022-09-27,155,30,44,85,62,28.7041,77.1025
2022-09-28,166,29,19,23,266,28.7041,77.1025
2022-09-29,196,35,56,107,371,28.7041,77.1025
2022-09-30,441,77,57,36,243,28.7041,77.1025
2022-10-01,421,119,56,71,193,28.7041,77.1025
2022-10-02,106,95,34,88,122,28.7041,77.1025
2022-10-03,392,24,37,40,205,28.7041,77.1025
2022-10-04,366,113,61,43,126,28.7041,77.1025
2022-10-05,213,94,56,23,218,28.7041,77.1025
2022-10-06,298,88,13,22,336,28.7041,77.1025
2022-10-07,247,95,58,87,134,28.7041,77.1025
2022-10-08,177,101,5,120,231,28.7041,77.1025
2022-10-09,347,23,48,73,364,28.7041,77.1025
2022-10-10,316,36,13,54,346,28.7041,77.1025
2022-10-11,388,114,36,75,161,28.7041,77.1025
2022-10-12,252,49,19,127,279,28.7041,77.1025
2022-10-13,269,67,16,59,145,28.7041,77.1025
2022-10-14,201,37,61,87,217,28.7041,77.1025
2022-10-15,125,35,12,65,205,28.7041,77.1025
2022-10-16,143,72,31,97,154,28.7041,77.1025
2022-10-17,209,75,66,25,242,28.7041,77.1025
2022-10-18,389,34,16,36,379,28.7041,77.1025
2022-10-19,442,12,69,118,181,28.7041,77.1025
2022-10-20,272,81,46,100,187,28.7041,77.1025
2022-10-21,386,53,66,21,380,28.7041,77.1025
2022-10-22,260,106,15,96,319,28.7041,77.1025
2022-10-23,371,51,47,85,87,28.7041,77.1025
2022-10-24,361,108,21,71,94,28.7041,77.1025
2022-10-25,108,15,36,111,212,28.7041,77.1025
2022-10-26,228,48,44,41,380,28.7041,77.1025
2022-10-27,346,61,27,130,302,28.7041,77.1025
2022-10-28,375,32,60,126,218,28.7041,77.1025
2022-10-29,90,98,10,86,334,28.7041,77.1025
2022-10-30,243,59,54,88,323,28.7041,77.1025
2022-10-31,192,52,41,103,69,28.7041,77.1025
2022-11-01,266,28,68,122,288,28.7041,77.1025
2022-11-02,374,78,58,58,319,28.7041,77.1025
2022-11-03,311,60,53,32,359,28.7041,77.1025
2022-11-04,306,20,15,60,80,28.7041,77.1025
2022-11-05,389,21,53,76,363,28.7041,77.1025
2022-11-06,177,83,25,31,153,28.7041,77.1025
2022-11-07,134,17,67,32,219,28.7041,77.1025
2022-11-08,190,33,32,139,235,28.7041,77.1025
2022-11-09,231,101,21,116,177,28.7041,77.1025
2022-11-10,325,50,10,76,259,28.7041,77.1025
2022-11-11,148,45,23,59,330,28.7041,77.1025
2022-11-12,391,110,60,137,302,28.7041,77.1025
2022-11-13,368,94,32,99,68,28.7041,77.1025
2022-11-14,329,81,42,147,249,28.7041,77.1025
2022-11-15,115,64,41,54,269,28.7041,77.1025
2022-11-16,318,18,53,22,185,28.7041,77.1025
2022-11-17,227,56,47,139,272,28.7041,77.1025
2022-11-18,306,24,40,24,52,28.7041,77.1025
2022-11-19,323,57,62,30,285,28.7041,77.1025
2022-11-20,416,119,17,145,391,28.7041,77.1025
2022-11-21,444,113,56,90,277,28.7041,77.1025
2022-11-22,280,91,62,136,191,28.7041,77.1025
2022-11-23,233,51,36,125,58,28.7041,77.1025
2022-11-24,152,69,64,135,239,28.7041,77.1025
2022-11-25,280,93,62,86,399,28.7041,77.1025
2022-11-26,375,79,60,50,214,28.7041,77.1025
2022-11-27,96,21,32,94,188,28.7041,77.1025
2022-11-28,208,11,5,90,325,28.7041,77.1025
2022-11-29,296,16,46,85,340,28.7041,77.1025
2022-11-30,140,89,52,89,102,28.7041,77.1025
2022-12-01,183,12,44,60,224,28.7041,77.1025
2022-12-02,121,118,67,39,159,28.7041,77.1025
2022-12-03,104,12,8,58,252,28.7041,77.1025
2022-12-04,118,36,42,64,185,28.7041,77.1025
2022-12-05,370,116,31,89,53,28.7041,77.1025
2022-12-06,210,49,13,144,204,28.7041,77.1025
2022-12-07,308,111,20,110,221,28.7041,77.1025
2022-12-08,187,42,60,89,96,28.7041,77.1025
2022-12-09,251,101,35,149,143,28.7041,77.1025
2022-12-10,181,10,18,103,97,28.7041,77.1025
2022-12-11,433,17,29,108,289,28.7041,77.1025
2022-12-12,91,110,38,98,396,28.7041,77.1025
2022-12-13,354,41,28,132,262,28.7041,77.1025
2022-12-14,180,57,30,112,389,28.7041,77.1025
2022-12-15,123,116,24,91,373,28.7041,77.1025
2022-12-16,384,110,68,68,188,28.7041,77.1025
2022-12-17,96,13,14,71,254,28.7041,77.1025
2022-12-18,409,103,28,52,122,28.7041,77.1025
2022-12-19,136,79,9,41,53,28.7041,77.1025
2022-12-20,390,119,62,133,125,28.7041,77.1025
2022-12-21,382,28,31,37,378,28.7041,77.1025
2022-12-22,91,41,19,137,126,28.7041,77.1025
2022-12-23,397,18,39,136,353,28.7041,77.1025
2022-12-24,159,21,57,56,305,28.7041,77.1025
2022-12-25,295,20,48,83,151,28.7041,77.1025
2022-12-26,418,55,30,98,155,28.7041,77.1025
2022-12-27,343,25,51,142,382,28.7041,77.1025
2022-12-28,228,10,38,63,88,28.7041,77.1025
2022-12-29,160,72,54,101,363,28.7041,77.1025
2022-12-30,294,118,16,106,324,28.7041,77.1025
2022-12-31,277,30,8,35,137,28.7041,77.1025
2023-01-01,279,39,52,73,260,28.7041,77.1025
2023-01-02,104,22,59,121,126,28.7041,77.1025
2023-01-03,168,43,5,117,126,28.7041,77.1025
2023-01-04,347,13,34,21,77,28.7041,77.1025
2023-01-05,222,37,7,113,294,28.7041,77.1025
2023-01-06,138,111,25,78,115,28.7041,77.1025
2023-01-07,444,104,53,88,315,28.7041,77.1025
2023-01-08,105,68,66,138,254,28.7041,77.1025
2023-01-09,126,36,42,111,107,28.7041,77.1025
2023-01-10,367,78,19,64,250,28.7041,77.1025
2023-01-11,345,34,56,43,274,28.7041,77.1025
2023-01-12,95,12,50,110,191,28.7041,77.1025
2023-01-13,278,106,29,113,133,28.7041,77.1025
2023-01-14,361,77,25,77,192,28.7041,77.1025
2023-01-15,165,34,9,147,82,28.7041,77.1025
2023-01-16,329,29,51,26,201,28.7041,77.1025
2023-01-17,349,43,22,66,207,28.7041,77.1025
2023-01-18,414,35,25,72,190,28.7041,77.1025
2023-01-19,196,14,27,57,300,28.7041,77.1025
2023-01-20,86,108,68,72,352,28.7041,77.1025
2023-01-21,216,70,44,67,161,28.7041,77.1025
2023-01-22,255,101,14,114,193,28.7041,77.1025
2023-01-23,407,102,56,83,258,28.7041,77.1025
2023-01-24,394,18,65,112,273,28.7041,77.1025
2023-01-25,294,111,68,144,92,28.7041,77.1025
2023-01-26,161,59,9,58,313,28.7041,77.1025
2023-01-27,302,15,57,23,293,28.7041,77.1025
2023-01-28,182,92,59,145,52,28.7041,77.1025
2023-01-29,352,69,41,22,174,28.7041,77.1025
2023-01-30,93,53,60,83,317,28.7041,77.1025
2023-01-31,238,20,63,48,133,28.7041,77.1025
2023-02-01,231,75,63,135,65,28.7041,77.1025
2023-02-02,187,56,6,30,383,28.7041,77.1025
2023-02-03,267,117,69,116,108,28.7041,77.1025
2023-02-04,380,117,64,121,226,28.7041,77.1025
2023-02-05,177,82,55,40,112,28.7041,77.1025
2023-02-06,210,94,34,58,98,28.7041,77.1025
2023-02-07,372,97,15,121,356,28.7041,77.1025
2023-02-08,250,107,43,65,295,28.7041,77.1025
2023-02-09,262,95,67,85,338,28.7041,77.1025
2023-02-10,443,12,68,110,335,28.7041,77.1025
2023-02-11,118,85,65,130,381,28.7041,77.1025
2023-02-12,94,101,58,101,64,28.7041,77.1025
2023-02-13,83,39,62,142,387,28.7041,77.1025
2023-02-14,428,99,60,118,304,28.7041,77.1025
2023-02-15,289,30,38,54,141,28.7041,77.1025
2023-02-16,240,37,35,122,328,28.7041,77.1025
2023-02-17,95,99,56,148,255,28.7041,77.1025
2023-02-18,187,71,5,44,143,28.7041,77.1025
2023-02-19,390,42,59,62,274,28.7041,77.1025
2023-02-20,306,94,26,103,350,28.7041,77.1025
2023-02-21,249,44,44,70,367,28.7041,77.1025
2023-02-22,113,61,5,149,248,28.7041,77.1025
2023-02-23,330,43,69,145,320,28.7041,77.1025
2023-02-24,326,50,67,88,283,28.7041,77.1025
2023-02-25,348,60,58,28,95,28.7041,77.1025
2023-02-26,220,56,46,21,113,28.7041,77.1025
2023-02-27,353,91,25,29,279,28.7041,77.1025
2023-02-28,175,67,26,133,298,28.7041,77.1025
2023-03-01,306,84,42,95,295,28.7041,77.1025
2023-03-02,118,66,12,104,124,28.7041,77.1025
2023-03-03,381,32,66,68,206,28.7041,77.1025
2023-03-04,108,57,51,89,272,28.7041,77.1025
2023-03-05,397,31,21,109,239,28.7041,77.1025
2023-03-06,324,26,21,45,101,28.7041,77.1025
2023-03-07,315,78,17,91,137,28.7041,77.1025
2023-03-08,264,117,21,24,362,28.7041,77.1025
2023-03-09,351,20,42,34,388,28.7041,77.1025
2023-03-10,315,103,49,142,115,28.7041,77.1025
2023-03-11,318,24,10,20,199,28.7041,77.1025
2023-03-12,345,100,39,22,69,28.7041,77.1025
2023-03-13,438,44,18,66,82,28.7041,77.1025
2023-03-14,419,42,65,114,377,28.7041,77.1025
2023-03-15,144,93,19,32,330,28.7041,77.1025
2023-03-16,256,25,58,139,95,28.7041,77.1025
2023-03-17,82,43,31,74,122,28.7041,77.1025
2023-03-18,221,75,17,85,362,28.7041,77.1025
2023-03-19,237,108,35,109,392,28.7041,77.1025
2023-03-20,403,49,39,81,182,28.7041,77.1025
2023-03-21,225,37,64,121,104,28.7041,77.1025
2023-03-22,372,56,10,27,110,28.7041,77.1025
2023-03-23,232,48,62,116,394,28.7041,77.1025
2023-03-24,272,79,53,136,57,28.7041,77.1025
2023-03-25,152,82,27,83,321,28.7041,77.1025
2023-03-26,384,29,38,40,295,28.7041,77.1025
2023-03-27,423,10,30,134,225,28.7041,77.1025
2023-03-28,219,81,51,104,165,28.7041,77.1025
2023-03-29,266,96,9,39,366,28.7041,77.1025
2023-03-30,372,72,24,27,320,28.7041,77.1025
2023-03-31,140,76,10,77,242,28.7041,77.1025
2023-04-01,277,13,63,65,199,28.7041,77.1025
2023-04-02,374,67,68,50,180,28.7041,77.1025
2023-04-03,398,34,22,112,151,28.7041,77.1025
2023-04-04,381,56,8,28,359,28.7041,77.1025
2023-04-05,423,47,21,34,319,28.7041,77.1025
2023-04-06,90,24,18,113,341,28.7041,77.1025
2023-04-07,141,72,17,48,259,28.7041,77.1025
2023-04-08,412,30,11,99,387,28.7041,77.1025
2023-04-09,305,108,48,55,116,28.7041,77.1025
2023-04-10,232,66,19,103,59,28.7041,77.1025
2023-04-11,278,62,23,128,98,28.7041,77.1025
2023-04-12,131,55,67,137,160,28.7041,77.1025
2023-04-13,339,23,39,56,370,28.7041,77.1025
2023-04-14,138,109,39,105,268,28.7041,77.1025
2023-04-15,151,85,23,90,106,28.7041,77.1025
2023-04-16,227,26,24,112,332,28.7041,77.1025
2023-04-17,428,48,39,99,162,28.7041,77.1025
2023-04-18,142,18,36,121,182,28.7041,77.1025
2023-04-19,389,108,52,33,120,28.7041,77.1025
2023-04-20,322,86,48,136,132,28.7041,77.1025
2023-04-21,445,88,28,92,106,28.7041,77.1025
2023-04-22,409,91,65,110,398,28.7041,77.1025
2023-04-23,186,106,21,109,320,28.7041,77.1025
2023-04-24,305,15,54,48,160,28.7041,77.1025
2023-04-25,392,100,69,68,125,28.7041,77.1025
2023-04-26,297,32,36,91,207,28.7041,77.1025
2023-04-27,320,68,40,61,69,28.7041,77.1025
2023-04-28,338,100,17,61,180,28.7041,77.1025
2023-04-29,341,107,62,124,378,28.7041,77.1025
2023-04-30,84,55,18,46,171,28.7041,77.1025
2023-05-01,340,47,41,77,90,28.7041,77.1025
2023-05-02,133,23,44,65,216,28.7041,77.1025
2023-05-03,126,109,63,85,179,28.7041,77.1025
2023-05-04,294,81,20,44,72,28.7041,77.1025
2023-05-05,256,71,66,92,328,28.7041,77.1025
2023-05-06,88,44,8,136,300,28.7041,77.1025
2023-05-07,178,28,49,148,58,28.7041,77.1025
2023-05-08,99,39,32,106,62,28.7041,77.1025
2023-05-09,320,87,35,93,356,28.7041,77.1025
2023-05-10,140,93,7,144,369,28.7041,77.1025
2023-05-11,257,34,12,86,101,28.7041,77.1025
2023-05-12,417,49,28,25,258,28.7041,77.1025
2023-05-13,141,97,19,144,87,28.7041,77.1025
2023-05-14,224,23,47,77,149,28.7041,77.1025
2023-05-15,295,35,35,89,242,28.7041,77.1025
2023-05-16,82,111,49,72,240,28.7041,77.1025
2023-05-17,239,96,12,85,100,28.7041,77.1025
2023-05-18,306,31,61,77,190,28.7041,77.1025
2023-05-19,348,57,34,101,217,28.7041,77.1025
2023-05-20,199,92,22,106,360,28.7041,77.1025
2023-05-21,168,119,43,21,158,28.7041,77.1025
2023-05-22,408,60,64,56,256,28.7041,77.1025
2023-05-23,147,12,47,122,349,28.7041,77.1025
2023-05-24,436,51,49,43,159,28.7041,77.1025
2023-05-25,177,28,27,131,245,28.7041,77.1025
2023-05-26,346,82,10,84,201,28.7041,77.1025
2023-05-27,184,37,60,148,292,28.7041,77.1025
2023-05-28,402,93,8,136,177,28.7041,77.1025
2023-05-29,202,54,27,135,154,28.7041,77.1025
2023-05-30,108,80,10,124,59,28.7041,77.1025
2023-05-31,216,87,36,22,197,28.7041,77.1025
2023-06-01,274,72,22,65,189,28.7041,77.1025
2023-06-02,305,82,19,74,239,28.7041,77.1025
2023-06-03,411,28,44,94,143,28.7041,77.1025
2023-06-04,249,56,10,64,278,28.7041,77.1025
2023-06-05,88,23,67,96,112,28.7041,77.1025
2023-06-06,119,47,15,43,389,28.7041,77.1025
2023-06-07,104,62,47,54,74,28.7041,77.1025
2023-06-08,340,70,21,43,317,28.7041,77.1025
2023-06-09,305,45,8,47,330,28.7041,77.1025
2023-06-10,203,49,67,35,60,28.7041,77.1025
2023-06-11,117,90,45,78,369,28.7041,77.1025
2023-06-12,407,39,9,34,250,28.7041,77.1025
2023-06-13,330,18,36,30,175,28.7041,77.1025
2023-06-14,255,73,39,98,355,28.7041,77.1025
2023-06-15,169,42,26,134,239,28.7041,77.1025
2023-06-16,116,61,69,87,138,28.7041,77.1025
2023-06-17,395,98,26,62,165,28.7041,77.1025
2023-06-18,255,23,15,88,226,28.7041,77.1025
2023-06-19,363,84,7,94,63,28.7041,77.1025
2023-06-20,160,62,13,122,306,28.7041,77.1025
2023-06-21,193,108,64,60,258,28.7041,77.1025
2023-06-22,119,114,18,78,330,28.7041,77.1025
2023-06-23,380,68,22,58,377,28.7041,77.1025
2023-06-24,303,87,27,22,374,28.7041,77.1025
2023-06-25,397,103,51,26,154,28.7041,77.1025
2023-06-26,428,50,51,68,196,28.7041,77.1025
2023-06-27,194,77,34,45,328,28.7041,77.1025
2023-06-28,265,77,29,120,58,28.7041,77.1025
2023-06-29,402,101,32,98,167,28.7041,77.1025
2023-06-30,135,17,29,21,143,28.7041,77.1025
2023-07-01,119,11,62,146,193,28.7041,77.1025
2023-07-02,433,114,45,39,338,28.7041,77.1025
2023-07-03,119,119,29,136,63,28.7041,77.1025
2023-07-04,426,95,52,51,306,28.7041,77.1025
2023-07-05,316,50,14,47,395,28.7041,77.1025
2023-07-06,368,64,15,96,235,28.7041,77.1025
2023-07-07,341,25,25,20,394,28.7041,77.1025
2023-07-08,295,102,49,75,256,28.7041,77.1025
2023-07-09,226,71,11,54,395,28.7041,77.1025
2023-07-10,415,57,68,131,221,28.7041,77.1025
2023-07-11,247,39,68,49,319,28.7041,77.1025
2023-07-12,171,21,6,73,270,28.7041,77.1025
2023-07-13,432,44,46,55,201,28.7041,77.1025
2023-07-14,138,20,58,99,160,28.7041,77.1025
2023-07-15,138,73,20,77,232,28.7041,77.1025
2023-07-16,383,119,22,102,388,28.7041,77.1025
2023-07-17,248,59,63,84,121,28.7041,77.1025
2023-07-18,348,94,20,88,332,28.7041,77.1025
2023-07-19,442,30,10,147,123,28.7041,77.1025
2023-07-20,124,78,61,70,264,28.7041,77.1025
2023-07-21,424,57,51,41,377,28.7041,77.1025
2023-07-22,260,29,52,126,72,28.7041,77.1025
2023-07-23,249,110,46,128,117,28.7041,77.1025
2023-07-24,435,76,64,135,142,28.7041,77.1025
2023-07-25,270,53,8,120,370,28.7041,77.1025
2023-07-26,234,42,6,119,373,28.7041,77.1025
2023-07-27,267,82,63,87,112,28.7041,77.1025
2023-07-28,86,70,31,55,273,28.7041,77.1025
2023-07-29,212,18,31,41,274,28.7041,77.1025
2023-07-30,314,77,11,85,395,28.7041,77.1025
2023-07-31,124,44,67,40,386,28.7041,77.1025
2023-08-01,393,90,50,119,152,28.7041,77.1025
2023-08-02,328,107,67,147,264,28.7041,77.1025
2023-08-03,110,97,16,63,241,28.7041,77.1025
2023-08-04,102,105,17,122,209,28.7041,77.1025
2023-08-05,239,74,47,66,256,28.7041,77.1025
2023-08-06,442,17,21,58,318,28.7041,77.1025
2023-08-07,237,54,67,48,243,28.7041,77.1025
2023-08-08,118,96,40,73,201,28.7041,77.1025
2023-08-09,161,56,12,109,286,28.7041,77.1025
2023-08-10,435,49,40,104,137,28.7041,77.1025
2023-08-11,337,85,32,36,60,28.7041,77.1025
2023-08-12,285,63,51,99,236,28.7041,77.1025
2023-08-13,156,85,34,92,263,28.7041,77.1025
2023-08-14,91,55,27,68,64,28.7041,77.1025
2023-08-15,374,56,20,120,315,28.7041,77.1025
2023-08-16,303,24,18,21,346,28.7041,77.1025
2023-08-17,92,114,56,78,122,28.7041,77.1025
2023-08-18,125,28,41,116,101,28.7041,77.1025
2023-08-19,234,35,33,118,177,28.7041,77.1025
2023-08-20,192,61,19,122,77,28.7041,77.1025
2023-08-21,312,102,51,21,114,28.7041,77.1025
2023-08-22,96,31,50,60,66,28.7041,77.1025
2023-08-23,439,113,56,142,187,28.7041,77.1025
2023-08-24,302,30,23,101,368,28.7041,77.1025
2023-08-25,433,60,25,48,278,28.7041,77.1025
2023-08-26,267,47,68,33,303,28.7041,77.1025
2023-08-27,423,29,41,31,259,28.7041,77.1025
2023-08-28,444,38,31,118,343,28.7041,77.1025
2023-08-29,242,60,59,100,280,28.7041,77.1025
2023-08-30,405,13,33,125,290,28.7041,77.1025
2023-08-31,153,64,24,51,119,28.7041,77.1025
2023-09-01,312,80,29,93,153,28.7041,77.1025
2023-09-02,303,101,67,100,253,28.7041,77.1025
2023-09-03,398,37,40,88,102,28.7041,77.1025
2023-09-04,139,13,6,64,379,28.7041,77.1025
2023-09-05,414,31,26,125,103,28.7041,77.1025
2023-09-06,301,85,20,119,325,28.7041,77.1025
2023-09-07,116,54,22,28,384,28.7041,77.1025
2023-09-08,357,76,58,81,80,28.7041,77.1025
2023-09-09,275,95,34,48,184,28.7041,77.1025
2023-09-10,431,117,49,144,107,28.7041,77.1025
2023-09-11,321,75,23,133,154,28.7041,77.1025
2023-09-12,403,97,38,139,315,28.7041,77.1025
2023-09-13,298,43,17,98,59,28.7041,77.1025
2023-09-14,271,100,47,112,302,28.7041,77.1025
2023-09-15,96,64,66,23,344,28.7041,77.1025
2023-09-16,91,114,26,101,205,28.7041,77.1025
2023-09-17,272,10,56,94,207,28.7041,77.1025
2023-09-18,101,81,56,33,86,28.7041,77.1025
2023-09-19,199,96,40,133,168,28.7041,77.1025
2023-09-20,289,47,23,81,116,28.7041,77.1025
2023-09-21,385,15,42,125,291,28.7041,77.1025
2023-09-22,349,95,61,83,348,28.7041,77.1025
2023-09-23,271,34,24,121,262,28.7041,77.1025
2023-09-24,254,91,13,125,357,28.7041,77.1025
2023-09-25,364,26,36,39,150,28.7041,77.1025
2023-09-26,283,70,8,77,105,28.7041,77.1025
2023-09-27,243,21,54,131,381,28.7041,77.1025
2023-09-28,330,15,9,76,373,28.7041,77.1025
2023-09-29,306,99,24,138,288,28.7041,77.1025
2023-09-30,86,36,41,116,280,28.7041,77.1025
2023-10-01,108,17,26,111,141,28.7041,77.1025
2023-10-02,112,92,62,71,328,28.7041,77.1025
2023-10-03,213,115,48,56,158,28.7041,77.1025
2023-10-04,446,74,38,27,366,28.7041,77.1025
2023-10-05,158,66,46,63,217,28.7041,77.1025
2023-10-06,137,102,13,117,349,28.7041,77.1025
2023-10-07,105,118,11,137,267,28.7041,77.1025
2023-10-08,305,108,23,88,271,28.7041,77.1025
2023-10-09,364,49,35,64,210,28.7041,77.1025
2023-10-10,83,23,39,51,65,28.7041,77.1025
2023-10-11,178,44,61,52,327,28.7041,77.1025
2023-10-12,118,57,65,145,106,28.7041,77.1025
2023-10-13,350,118,35,86,111,28.7041,77.1025
2023-10-14,364,93,57,49,376,28.7041,77.1025
2023-10-15,236,65,36,133,291,28.7041,77.1025
2023-10-16,154,58,63,48,139,28.7041,77.1025
2023-10-17,367,22,14,49,121,28.7041,77.1025
2023-10-18,209,70,6,149,375,28.7041,77.1025
2023-10-19,254,111,64,81,79,28.7041,77.1025
2023-10-20,163,58,21,22,337,28.7041,77.1025
2023-10-21,101,55,20,87,135,28.7041,77.1025
2023-10-22,106,71,20,44,283,28.7041,77.1025
2023-10-23,274,17,50,63,284,28.7041,77.1025
2023-10-24,416,52,43,74,362,28.7041,77.1025
2023-10-25,315,29,35,149,314,28.7041,77.1025
2023-10-26,171,106,5,60,336,28.7041,77.1025
2023-10-27,100,99,15,83,376,28.7041,77.1025
2023-10-28,382,48,8,50,318,28.7041,77.1025
2023-10-29,436,94,30,66,235,28.7041,77.1025
2023-10-30,163,58,54,149,180,28.7041,77.1025
2023-10-31,341,73,16,115,340,28.7041,77.1025
2023-11-01,226,71,69,96,326,28.7041,77.1025
2023-11-02,336,115,51,129,369,28.7041,77.1025
2023-11-03,137,116,57,88,229,28.7041,77.1025
2023-11-04,94,63,6,77,339,28.7041,77.1025
2023-11-05,241,114,28,125,212,28.7041,77.1025
2023-11-06,242,18,8,63,320,28.7041,77.1025
2023-11-07,399,97,23,93,145,28.7041,77.1025
2023-11-08,360,46,30,75,311,28.7041,77.1025
2023-11-09,359,58,44,146,337,28.7041,77.1025
2023-11-10,91,50,54,49,132,28.7041,77.1025
2023-11-11,353,26,47,90,274,28.7041,77.1025
2023-11-12,350,97,16,137,272,28.7041,77.1025
2023-11-13,287,30,31,74,167,28.7041,77.1025
2023-11-14,106,60,58,86,241,28.7041,77.1025
2023-11-15,151,68,53,22,128,28.7041,77.1025
2023-11-16,139,48,20,45,127,28.7041,77.1025
2023-11-17,224,64,6,76,196,28.7041,77.1025
2023-11-18,172,50,64,145,156,28.7041,77.1025
2023-11-19,388,48,58,72,320,28.7041,77.1025
2023-11-20,87,22,34,62,293,28.7041,77.1025
2023-11-21,158,73,42,68,122,28.7041,77.1025
2023-11-22,106,20,32,61,75,28.7041,77.1025
2023-11-23,253,119,29,30,259,28.7041,77.1025
2023-11-24,129,28,14,122,141,28.7041,77.1025
2023-11-25,278,20,64,117,174,28.7041,77.1025
2023-11-26,428,86,46,104,122,28.7041,77.1025
2023-11-27,260,55,44,119,172,28.7041,77.1025
2023-11-28,103,54,46,123,358,28.7041,77.1025
2023-11-29,395,10,51,65,233,28.7041,77.1025
2023-11-30,125,49,41,63,236,28.7041,77.1025
2023-12-01,94,117,26,41,247,28.7041,77.1025
2023-12-02,232,28,61,133,127,28.7041,77.1025
2023-12-03,301,85,31,144,397,28.7041,77.1025
2023-12-04,285,81,45,143,235,28.7041,77.1025
2023-12-05,352,81,38,49,393,28.7041,77.1025
2023-12-06,315,70,36,27,302,28.7041,77.1025
2023-12-07,419,118,16,117,62,28.7041,77.1025
2023-12-08,307,21,44,76,348,28.7041,77.1025
2023-12-09,88,70,14,130,125,28.7041,77.1025
2023-12-10,245,42,52,92,100,28.7041,77.1025
2023-12-11,398,54,24,134,324,28.7041,77.1025
2023-12-12,293,99,43,39,198,28.7041,77.1025
2023-12-13,196,112,64,44,268,28.7041,77.1025
2023-12-14,423,101,69,38,171,28.7041,77.1025
2023-12-15,151,78,55,24,260,28.7041,77.1025
2023-12-16,143,17,40,94,329,28.7041,77.1025
2023-12-17,284,34,28,147,75,28.7041,77.1025
2023-12-18,288,100,31,91,222,28.7041,77.1025
2023-12-19,151,55,6,59,205,28.7041,77.1025
2023-12-20,356,96,35,45,287,28.7041,77.1025
2023-12-21,353,39,61,46,131,28.7041,77.1025
2023-12-22,399,118,33,102,322,28.7041,77.1025
2023-12-23,417,56,19,147,117,28.7041,77.1025
2023-12-24,445,96,16,52,93,28.7041,77.1025
2023-12-25,174,58,32,116,110,28.7041,77.1025
2023-12-26,245,56,28,130,172,28.7041,77.1025
2023-12-27,111,93,25,35,398,28.7041,77.1025
2023-12-28,90,91,14,42,245,28.7041,77.1025
2023-12-29,380,27,22,45,379,28.7041,77.1025
2023-12-30,296,75,18,115,372,28.7041,77.1025
2023-12-31,368,77,38,31,160,28.7041,77.1025
2024-01-01,181,103,62,91,307,28.7041,77.1025
